Time (Sec);S1;S10;S2;S3;S4;S5;S6;S7;S8;S9;
0.0;100.0;100.0;100.0;100.0;100.0;10.0;100.0;100.0;100.0;100.0;
0.12666666666666668;99.9947376;99.9947376;99.9947376;99.9947376;99.9947376;9.9891072;99.9947376;99.9947376;99.9947376;99.9947376;
0.22666666666666668;99.9947376;99.9947376;99.9947376;99.9947376;99.9947376;9.9891072;99.9947376;99.9947376;99.9947376;99.9947376;
0.32666666666666666;99.9947376;99.9947376;99.9947376;99.9947376;99.9947376;9.9891072;99.9947376;99.9947376;99.9947376;99.9947376;
0.42666666666666664;99.9947376;99.9947376;99.9947376;99.9947376;99.9947376;9.9891072;99.9947376;99.9947376;99.9947376;99.9947376;
0.5266666666666666;99.9947376;99.9947376;99.9947376;99.9947376;99.9947376;9.9891072;99.9947376;99.9947376;99.9947376;99.9947376;
0.6266666666666666;99.9947376;99.9947376;99.9947376;99.9947376;99.9947376;9.9891072;99.9947376;99.9947376;99.9947376;99.9947376;
0.7266666666666666;99.9947376;99.9947376;99.9947376;99.9947376;99.9947376;9.9891072;99.9947376;99.9947376;99.9947376;99.9947376;
0.8266666666666665;99.9947376;99.9947376;99.9947376;99.9947376;99.9947376;9.9891072;99.9947376;99.9947376;99.9947376;99.9947376;
0.9266666666666665;99.9947376;99.9947376;99.9947376;99.9947376;99.9947376;9.9891072;99.9947376;99.9947376;99.9947376;99.9947376;
1.0266666666666666;99.9947376;99.9947376;99.9947376;99.9947376;99.9947376;9.9891072;99.9947376;99.9947376;99.9947376;99.9947376;
1.1266666666666667;99.97004879999999;99.96980399999998;99.96524399999998;99.97004879999999;99.97027759999999;9.9891072;99.97508239999999;99.96547279999999;99.97027759999999;99.97027759999999;
1.2266666666666668;99.97004879999999;99.96980399999998;99.96524399999998;99.97004879999999;99.97027759999999;9.9891072;99.97508239999999;99.96547279999999;99.97027759999999;99.97027759999999;
1.3266666666666669;99.97004879999999;99.96980399999998;99.96524399999998;99.97004879999999;99.97027759999999;9.9891072;99.97508239999999;99.96547279999999;99.97027759999999;99.97027759999999;
1.426666666666667;99.97004879999999;99.96980399999998;99.96524399999998;99.97004879999999;99.97027759999999;9.9891072;99.97508239999999;99.96547279999999;99.97027759999999;99.97027759999999;
1.526666666666667;99.97004879999999;99.96980399999998;99.96524399999998;99.97004879999999;99.97027759999999;9.9891072;99.97508239999999;99.96547279999999;99.97027759999999;99.97027759999999;
1.6266666666666671;99.97004879999999;99.96980399999998;99.96524399999998;99.97004879999999;99.97027759999999;9.9891072;99.97508239999999;99.96547279999999;99.97027759999999;99.97027759999999;
1.7266666666666672;99.97004879999999;99.96980399999998;99.96524399999998;99.97004879999999;99.97027759999999;9.9891072;99.97508239999999;99.96547279999999;99.97027759999999;99.97027759999999;
1.8266666666666673;99.97004879999999;99.96980399999998;99.96524399999998;99.97004879999999;99.97027759999999;9.9891072;99.97508239999999;99.96547279999999;99.97027759999999;99.97027759999999;
1.9266666666666674;99.97004879999999;99.96980399999998;99.96524399999998;99.97004879999999;99.97027759999999;9.9891072;99.97508239999999;99.96547279999999;99.97027759999999;99.97027759999999;
2.0266666666666673;99.97004879999999;99.96980399999998;99.96524399999998;99.97004879999999;99.97027759999999;9.9891072;99.97508239999999;99.96547279999999;99.97027759999999;99.97027759999999;
2.1266666666666674;99.96994879999998;99.96970399999998;99.96514399999998;99.96994879999998;99.97017759999999;9.9891072;99.97498239999999;99.96537279999998;99.97017759999999;99.97017759999999;
2.2266666666666675;99.96994879999998;99.96970399999998;99.96514399999998;99.96994879999998;99.97017759999999;9.9891072;99.97498239999999;99.96537279999998;99.97017759999999;99.97017759999999;
2.3266666666666675;99.96994879999998;99.96970399999998;99.96514399999998;99.96994879999998;99.97017759999999;9.9891072;99.97498239999999;99.96537279999998;99.97017759999999;99.97017759999999;
2.4266666666666676;99.96994879999998;99.96970399999998;99.96514399999998;99.96994879999998;99.97017759999999;9.9891072;99.97498239999999;99.96537279999998;99.97017759999999;99.97017759999999;
2.5266666666666677;99.96994879999998;99.96970399999998;99.96514399999998;99.96994879999998;99.97017759999999;9.9891072;99.97498239999999;99.96537279999998;99.97017759999999;99.97017759999999;
2.626666666666668;99.96994879999998;99.96970399999998;99.96514399999998;99.96994879999998;99.97017759999999;9.9891072;99.97498239999999;99.96537279999998;99.97017759999999;99.97017759999999;
2.726666666666668;99.96994879999998;99.96970399999998;99.96514399999998;99.96994879999998;99.97017759999999;9.9891072;99.97498239999999;99.96537279999998;99.97017759999999;99.97017759999999;
2.826666666666668;99.96994879999998;99.96970399999998;99.96514399999998;99.96994879999998;99.97017759999999;9.9891072;99.97498239999999;99.96537279999998;99.97017759999999;99.97017759999999;
2.926666666666668;99.96994879999998;99.96970399999998;99.96514399999998;99.96994879999998;99.97017759999999;9.9891072;99.97498239999999;99.96537279999998;99.97017759999999;99.97017759999999;
3.026666666666668;99.96994879999998;99.96970399999998;99.96514399999998;99.96994879999998;99.97017759999999;9.9891072;99.97498239999999;99.96537279999998;99.97017759999999;99.97017759999999;
3.126666666666668;99.96984879999998;99.96960399999998;99.96504399999998;99.96984879999998;99.97007759999998;9.9891072;99.97488239999998;99.96527279999998;99.97007759999998;99.97007759999998;
3.226666666666668;99.96984879999998;99.96960399999998;99.96504399999998;99.96984879999998;99.97007759999998;9.9891072;99.97488239999998;99.96527279999998;99.97007759999998;99.97007759999998;
3.326666666666668;99.96984879999998;99.96960399999998;99.96504399999998;99.96984879999998;99.97007759999998;9.9891072;99.97488239999998;99.96527279999998;99.97007759999998;99.97007759999998;
3.426666666666668;99.96984879999998;99.96960399999998;99.96504399999998;99.96984879999998;99.97007759999998;9.9891072;99.97488239999998;99.96527279999998;99.97007759999998;99.97007759999998;
3.526666666666668;99.96984879999998;99.96960399999998;99.96504399999998;99.96984879999998;99.97007759999998;9.9891072;99.97488239999998;99.96527279999998;99.97007759999998;99.97007759999998;
3.6266666666666683;99.96984879999998;99.96960399999998;99.96504399999998;99.96984879999998;99.97007759999998;9.9891072;99.97488239999998;99.96527279999998;99.97007759999998;99.97007759999998;
3.7266666666666683;99.96984879999998;99.96960399999998;99.96504399999998;99.96984879999998;99.97007759999998;9.9891072;99.97488239999998;99.96527279999998;99.97007759999998;99.97007759999998;
3.8266666666666684;99.96984879999998;99.96960399999998;99.96504399999998;99.96984879999998;99.97007759999998;9.9891072;99.97488239999998;99.96527279999998;99.97007759999998;99.97007759999998;
3.9266666666666685;99.96984879999998;99.96960399999998;99.96504399999998;99.96984879999998;99.97007759999998;9.9891072;99.97488239999998;99.96527279999998;99.97007759999998;99.97007759999998;
4.026666666666668;99.96984879999998;99.96960399999998;99.96504399999998;99.96984879999998;99.97007759999998;9.9891072;99.97488239999998;99.96527279999998;99.97007759999998;99.97007759999998;
4.126666666666668;99.96974879999998;99.96950399999997;99.96494399999997;99.96974879999998;99.96997759999998;9.9891072;99.97478239999998;99.96517279999998;99.96997759999998;99.96997759999998;
4.2266666666666675;99.96974879999998;99.96950399999997;99.96494399999997;99.96974879999998;99.96997759999998;9.9891072;99.97478239999998;99.96517279999998;99.96997759999998;99.96997759999998;
4.326666666666667;99.96974879999998;99.96950399999997;99.96494399999997;99.96974879999998;99.96997759999998;9.9891072;99.97478239999998;99.96517279999998;99.96997759999998;99.96997759999998;
4.426666666666667;99.96974879999998;99.96950399999997;99.96494399999997;99.96974879999998;99.96997759999998;9.9891072;99.97478239999998;99.96517279999998;99.96997759999998;99.96997759999998;
4.526666666666666;99.96974879999998;99.96950399999997;99.96494399999997;99.96974879999998;99.96997759999998;9.9891072;99.97478239999998;99.96517279999998;99.96997759999998;99.96997759999998;
4.626666666666666;99.96974879999998;99.96950399999997;99.96494399999997;99.96974879999998;99.96997759999998;9.9891072;99.97478239999998;99.96517279999998;99.96997759999998;99.96997759999998;
4.726666666666666;99.96974879999998;99.96950399999997;99.96494399999997;99.96974879999998;99.96997759999998;9.9891072;99.97478239999998;99.96517279999998;99.96997759999998;99.96997759999998;
4.826666666666665;99.96974879999998;99.96950399999997;99.96494399999997;99.96974879999998;99.96997759999998;9.9891072;99.97478239999998;99.96517279999998;99.96997759999998;99.96997759999998;
4.926666666666665;99.96974879999998;99.96950399999997;99.96494399999997;99.96974879999998;99.96997759999998;9.9891072;99.97478239999998;99.96517279999998;99.96997759999998;99.96997759999998;
5.026666666666665;99.96974879999998;99.96950399999997;99.96494399999997;99.96974879999998;99.96997759999998;9.9891072;99.97478239999998;99.96517279999998;99.96997759999998;99.96997759999998;
5.126666666666664;99.96964879999997;99.96940399999997;99.96484399999997;99.96964879999997;99.96987759999998;9.9891072;99.97468239999998;99.96507279999997;99.96987759999998;99.96987759999998;
5.226666666666664;99.96964879999997;99.96940399999997;99.96484399999997;99.96964879999997;99.96987759999998;9.9891072;99.97468239999998;99.96507279999997;99.96987759999998;99.96987759999998;
5.3266666666666636;99.96964879999997;99.96940399999997;99.96484399999997;99.96964879999997;99.96987759999998;9.9891072;99.97468239999998;99.96507279999997;99.96987759999998;99.96987759999998;
5.426666666666663;99.96964879999997;99.96940399999997;99.96484399999997;99.96964879999997;99.96987759999998;9.9891072;99.97468239999998;99.96507279999997;99.96987759999998;99.96987759999998;
5.526666666666663;99.96964879999997;99.96940399999997;99.96484399999997;99.96964879999997;99.96987759999998;9.9891072;99.97468239999998;99.96507279999997;99.96987759999998;99.96987759999998;
5.6266666666666625;99.96964879999997;99.96940399999997;99.96484399999997;99.96964879999997;99.96987759999998;9.9891072;99.97468239999998;99.96507279999997;99.96987759999998;99.96987759999998;
5.726666666666662;99.96964879999997;99.96940399999997;99.96484399999997;99.96964879999997;99.96987759999998;9.9891072;99.97468239999998;99.96507279999997;99.96987759999998;99.96987759999998;
5.826666666666662;99.96964879999997;99.96940399999997;99.96484399999997;99.96964879999997;99.96987759999998;9.9891072;99.97468239999998;99.96507279999997;99.96987759999998;99.96987759999998;
5.926666666666661;99.96964879999997;99.96940399999997;99.96484399999997;99.96964879999997;99.96987759999998;9.9891072;99.97468239999998;99.96507279999997;99.96987759999998;99.96987759999998;
5.999999999999999;99.96964879999997;99.96940399999997;99.96484399999997;99.96964879999997;99.96987759999998;9.9891072;99.97468239999998;99.96507279999997;99.96987759999998;99.96987759999998;
6.103377333333328;99.94586879999997;99.94562399999997;99.94153759999996;99.94586879999997;99.94562399999997;9.897815999999997;99.95137599999997;99.94129279999997;99.94609759999997;99.96977759999997;
6.203377333333328;99.94586879999997;99.94562399999997;99.94153759999996;99.94586879999997;99.94562399999997;9.897815999999997;99.95137599999997;99.94129279999997;99.94609759999997;99.96977759999997;
6.303377333333327;99.94586879999997;99.94562399999997;99.94153759999996;99.94586879999997;99.94562399999997;9.897815999999997;99.95137599999997;99.94129279999997;99.94609759999997;99.96977759999997;
6.403377333333327;99.94586879999997;99.94562399999997;99.94153759999996;99.94586879999997;99.94562399999997;9.897815999999997;99.95137599999997;99.94129279999997;99.94609759999997;99.96977759999997;
6.503377333333327;99.94586879999997;99.94562399999997;99.94153759999996;99.94586879999997;99.94562399999997;9.897815999999997;99.95137599999997;99.94129279999997;99.94609759999997;99.96977759999997;
6.603377333333326;99.94586879999997;99.94562399999997;99.94153759999996;99.94586879999997;99.94562399999997;9.897815999999997;99.95137599999997;99.94129279999997;99.94609759999997;99.96977759999997;
6.703377333333326;99.94586879999997;99.94562399999997;99.94153759999996;99.94586879999997;99.94562399999997;9.897815999999997;99.95137599999997;99.94129279999997;99.94609759999997;99.96977759999997;
6.803377333333326;99.94586879999997;99.94562399999997;99.94153759999996;99.94586879999997;99.94562399999997;9.897815999999997;99.95137599999997;99.94129279999997;99.94609759999997;99.96977759999997;
6.903377333333325;99.94586879999997;99.94562399999997;99.94153759999996;99.94586879999997;99.94562399999997;9.897815999999997;99.95137599999997;99.94129279999997;99.94609759999997;99.96977759999997;
7.003377333333325;99.94586879999997;99.94562399999997;99.94153759999996;99.94586879999997;99.94562399999997;9.897815999999997;99.95137599999997;99.94129279999997;99.94609759999997;99.96977759999997;
7.104466666666657;99.92208879999997;99.92184399999996;99.91823119999995;99.92208879999997;99.92137039999996;9.829404799999995;99.92806959999996;99.91751279999997;99.92231759999997;99.96967759999997;
7.213377333333324;99.92208879999997;99.92184399999996;99.91823119999995;99.92208879999997;99.92137039999996;9.806524799999995;99.92806959999996;99.91751279999997;99.92231759999997;99.96967759999997;
7.313377333333324;99.92208879999997;99.92184399999996;99.91823119999995;99.92208879999997;99.92137039999996;9.806524799999995;99.92806959999996;99.91751279999997;99.92231759999997;99.96967759999997;
7.413377333333323;99.92208879999997;99.92184399999996;99.91823119999995;99.92208879999997;99.92137039999996;9.806524799999995;99.92806959999996;99.91751279999997;99.92231759999997;99.96967759999997;
7.513377333333323;99.92208879999997;99.92184399999996;99.91823119999995;99.92208879999997;99.92137039999996;9.806524799999995;99.92806959999996;99.91751279999997;99.92231759999997;99.96967759999997;
7.613377333333323;99.92208879999997;99.92184399999996;99.91823119999995;99.92208879999997;99.92137039999996;9.806524799999995;99.92806959999996;99.91751279999997;99.92231759999997;99.96967759999997;
7.713377333333322;99.92208879999997;99.92184399999996;99.91823119999995;99.92208879999997;99.92137039999996;9.806524799999995;99.92806959999996;99.91751279999997;99.92231759999997;99.96967759999997;
7.813377333333322;99.92208879999997;99.92184399999996;99.91823119999995;99.92208879999997;99.92137039999996;9.806524799999995;99.92806959999996;99.91751279999997;99.92231759999997;99.96967759999997;
7.9133773333333215;99.92208879999997;99.92184399999996;99.91823119999995;99.92208879999997;99.92137039999996;9.806524799999995;99.92806959999996;99.91751279999997;99.92231759999997;99.96967759999997;
8.013377333333322;99.92208879999997;99.92184399999996;99.91823119999995;99.92208879999997;99.92137039999996;9.806524799999995;99.92806959999996;99.91751279999997;99.92231759999997;99.96967759999997;
8.103377333333322;99.89830879999997;99.89806399999996;99.89492479999994;99.89830879999997;99.89711679999995;9.795313599999995;99.90476319999995;99.89373279999997;99.89853759999997;99.96957759999997;
8.223377333333321;99.89830879999997;99.89806399999996;99.89492479999994;99.89830879999997;99.89711679999995;9.715233599999992;99.90476319999995;99.89373279999997;99.89853759999997;99.96957759999997;
8.32337733333332;99.89830879999997;99.89806399999996;99.89492479999994;99.89830879999997;99.89711679999995;9.715233599999992;99.90476319999995;99.89373279999997;99.89853759999997;99.96957759999997;
8.42337733333332;99.89830879999997;99.89806399999996;99.89492479999994;99.89830879999997;99.89711679999995;9.715233599999992;99.90476319999995;99.89373279999997;99.89853759999997;99.96957759999997;
8.52337733333332;99.89830879999997;99.89806399999996;99.89492479999994;99.89830879999997;99.89711679999995;9.715233599999992;99.90476319999995;99.89373279999997;99.89853759999997;99.96957759999997;
8.62337733333332;99.89830879999997;99.89806399999996;99.89492479999994;99.89830879999997;99.89711679999995;9.715233599999992;99.90476319999995;99.89373279999997;99.89853759999997;99.96957759999997;
8.72337733333332;99.89830879999997;99.89806399999996;99.89492479999994;99.89830879999997;99.89711679999995;9.715233599999992;99.90476319999995;99.89373279999997;99.89853759999997;99.96957759999997;
8.823377333333319;99.89830879999997;99.89806399999996;99.89492479999994;99.89830879999997;99.89711679999995;9.715233599999992;99.90476319999995;99.89373279999997;99.89853759999997;99.96957759999997;
8.923377333333319;99.89830879999997;99.89806399999996;99.89492479999994;99.89830879999997;99.89711679999995;9.715233599999992;99.90476319999995;99.89373279999997;99.89853759999997;99.96957759999997;
9.023377333333318;99.89830879999997;99.89806399999996;99.89492479999994;99.89830879999997;99.89711679999995;9.715233599999992;99.90476319999995;99.89373279999997;99.89853759999997;99.96957759999997;
9.113377333333318;99.87452879999996;99.87428399999996;99.87161839999993;99.87452879999996;99.87286319999994;9.704022399999992;99.88145679999994;99.86995279999996;99.87475759999997;99.96947759999996;
9.233377333333317;99.87452879999996;99.87428399999996;99.87161839999993;99.87452879999996;99.87286319999994;9.62394239999999;99.88145679999994;99.86995279999996;99.87475759999997;99.96947759999996;
9.333377333333317;99.87452879999996;99.87428399999996;99.87161839999993;99.87452879999996;99.87286319999994;9.62394239999999;99.88145679999994;99.86995279999996;99.87475759999997;99.96947759999996;
9.433377333333317;99.87452879999996;99.87428399999996;99.87161839999993;99.87452879999996;99.87286319999994;9.62394239999999;99.88145679999994;99.86995279999996;99.87475759999997;99.96947759999996;
9.533377333333316;99.87452879999996;99.87428399999996;99.87161839999993;99.87452879999996;99.87286319999994;9.62394239999999;99.88145679999994;99.86995279999996;99.87475759999997;99.96947759999996;
9.633377333333316;99.87452879999996;99.87428399999996;99.87161839999993;99.87452879999996;99.87286319999994;9.62394239999999;99.88145679999994;99.86995279999996;99.87475759999997;99.96947759999996;
9.733377333333316;99.87452879999996;99.87428399999996;99.87161839999993;99.87452879999996;99.87286319999994;9.62394239999999;99.88145679999994;99.86995279999996;99.87475759999997;99.96947759999996;
9.833377333333315;99.87452879999996;99.87428399999996;99.87161839999993;99.87452879999996;99.87286319999994;9.62394239999999;99.88145679999994;99.86995279999996;99.87475759999997;99.96947759999996;
9.933377333333315;99.87452879999996;99.87428399999996;99.87161839999993;99.87452879999996;99.87286319999994;9.62394239999999;99.88145679999994;99.86995279999996;99.87475759999997;99.96947759999996;
10.033377333333314;99.87452879999996;99.87428399999996;99.87161839999993;99.87452879999996;99.87286319999994;9.62394239999999;99.88145679999994;99.86995279999996;99.87475759999997;99.96947759999996;
10.106666666666648;99.85074879999996;99.85050399999996;99.84831199999992;99.85074879999996;99.84860959999993;9.62394239999999;99.85815039999993;99.84617279999996;99.85097759999996;99.96937759999996;
10.243377333333314;99.85074879999996;99.85050399999996;99.84831199999992;99.85074879999996;99.84860959999993;9.532651199999988;99.85815039999993;99.84617279999996;99.85097759999996;99.96937759999996;
10.343377333333313;99.85074879999996;99.85050399999996;99.84831199999992;99.85074879999996;99.84860959999993;9.532651199999988;99.85815039999993;99.84617279999996;99.85097759999996;99.96937759999996;
10.443377333333313;99.85074879999996;99.85050399999996;99.84831199999992;99.85074879999996;99.84860959999993;9.532651199999988;99.85815039999993;99.84617279999996;99.85097759999996;99.96937759999996;
10.543377333333313;99.85074879999996;99.85050399999996;99.84831199999992;99.85074879999996;99.84860959999993;9.532651199999988;99.85815039999993;99.84617279999996;99.85097759999996;99.96937759999996;
10.643377333333312;99.85074879999996;99.85050399999996;99.84831199999992;99.85074879999996;99.84860959999993;9.532651199999988;99.85815039999993;99.84617279999996;99.85097759999996;99.96937759999996;
10.743377333333312;99.85074879999996;99.85050399999996;99.84831199999992;99.85074879999996;99.84860959999993;9.532651199999988;99.85815039999993;99.84617279999996;99.85097759999996;99.96937759999996;
10.843377333333311;99.85074879999996;99.85050399999996;99.84831199999992;99.85074879999996;99.84860959999993;9.532651199999988;99.85815039999993;99.84617279999996;99.85097759999996;99.96937759999996;
10.943377333333311;99.85074879999996;99.85050399999996;99.84831199999992;99.85074879999996;99.84860959999993;9.532651199999988;99.85815039999993;99.84617279999996;99.85097759999996;99.96937759999996;
11.04337733333331;99.85074879999996;99.85050399999996;99.84831199999992;99.85074879999996;99.84860959999993;9.532651199999988;99.85815039999993;99.84617279999996;99.85097759999996;99.96937759999996;
11.106666666666644;99.82696879999996;99.82672399999996;99.82500559999991;99.82696879999996;99.82435599999992;9.532651199999988;99.85815039999993;99.82239279999996;99.82719759999996;99.96927759999996;
11.25337733333331;99.82696879999996;99.82672399999996;99.82500559999991;99.82696879999996;99.82435599999992;9.441359999999985;99.83484399999992;99.82239279999996;99.82719759999996;99.96927759999996;
11.35337733333331;99.82696879999996;99.82672399999996;99.82500559999991;99.82696879999996;99.82435599999992;9.441359999999985;99.83484399999992;99.82239279999996;99.82719759999996;99.96927759999996;
11.453377333333309;99.82696879999996;99.82672399999996;99.82500559999991;99.82696879999996;99.82435599999992;9.441359999999985;99.83484399999992;99.82239279999996;99.82719759999996;99.96927759999996;
11.553377333333309;99.82696879999996;99.82672399999996;99.82500559999991;99.82696879999996;99.82435599999992;9.441359999999985;99.83484399999992;99.82239279999996;99.82719759999996;99.96927759999996;
11.653377333333308;99.82696879999996;99.82672399999996;99.82500559999991;99.82696879999996;99.82435599999992;9.441359999999985;99.83484399999992;99.82239279999996;99.82719759999996;99.96927759999996;
11.753377333333308;99.82696879999996;99.82672399999996;99.82500559999991;99.82696879999996;99.82435599999992;9.441359999999985;99.83484399999992;99.82239279999996;99.82719759999996;99.96927759999996;
11.853377333333308;99.82696879999996;99.82672399999996;99.82500559999991;99.82696879999996;99.82435599999992;9.441359999999985;99.83484399999992;99.82239279999996;99.82719759999996;99.96927759999996;
11.953377333333307;99.82696879999996;99.82672399999996;99.82500559999991;99.82696879999996;99.82435599999992;9.441359999999985;99.83484399999992;99.82239279999996;99.82719759999996;99.96927759999996;
11.999999999999984;99.82696879999996;99.82672399999996;99.82500559999991;99.82696879999996;99.82435599999992;9.441359999999985;99.83484399999992;99.82239279999996;99.82719759999996;99.96927759999996;
12.10666666666664;99.82696879999996;99.82672399999996;99.82490559999991;99.82696879999996;99.82435599999992;9.441359999999985;99.83484399999992;99.82229279999996;99.82719759999996;99.96927759999996;
12.253377333333306;99.82686879999996;99.82662399999995;99.82490559999991;99.82686879999996;99.82425599999992;9.441359999999985;99.83474399999992;99.82229279999996;99.82709759999996;99.96917759999995;
12.353377333333306;99.82686879999996;99.82662399999995;99.82490559999991;99.82686879999996;99.82425599999992;9.441359999999985;99.83474399999992;99.82229279999996;99.82709759999996;99.96917759999995;
12.453377333333306;99.82686879999996;99.82662399999995;99.82490559999991;99.82686879999996;99.82425599999992;9.441359999999985;99.83474399999992;99.82229279999996;99.82709759999996;99.96917759999995;
12.553377333333305;99.82686879999996;99.82662399999995;99.82490559999991;99.82686879999996;99.82425599999992;9.441359999999985;99.83474399999992;99.82229279999996;99.82709759999996;99.96917759999995;
12.653377333333305;99.82686879999996;99.82662399999995;99.82490559999991;99.82686879999996;99.82425599999992;9.441359999999985;99.83474399999992;99.82229279999996;99.82709759999996;99.96917759999995;
12.753377333333304;99.82686879999996;99.82662399999995;99.82490559999991;99.82686879999996;99.82425599999992;9.441359999999985;99.83474399999992;99.82229279999996;99.82709759999996;99.96917759999995;
12.853377333333304;99.82686879999996;99.82662399999995;99.82490559999991;99.82686879999996;99.82425599999992;9.441359999999985;99.83474399999992;99.82229279999996;99.82709759999996;99.96917759999995;
12.953377333333304;99.82686879999996;99.82662399999995;99.82490559999991;99.82686879999996;99.82425599999992;9.441359999999985;99.83474399999992;99.82229279999996;99.82709759999996;99.96917759999995;
13.053377333333303;99.82686879999996;99.82662399999995;99.82490559999991;99.82686879999996;99.82425599999992;9.441359999999985;99.83474399999992;99.82229279999996;99.82709759999996;99.96917759999995;
13.106666666666637;99.82686879999996;99.82662399999995;99.8248055999999;99.82686879999996;99.82425599999992;9.441359999999985;99.83474399999992;99.82219279999995;99.82709759999996;99.96917759999995;
13.253377333333303;99.82676879999995;99.82652399999995;99.8248055999999;99.82676879999995;99.82415599999992;9.441359999999985;99.83464399999991;99.82219279999995;99.82699759999996;99.96907759999995;
13.353377333333302;99.82676879999995;99.82652399999995;99.8248055999999;99.82676879999995;99.82415599999992;9.441359999999985;99.83464399999991;99.82219279999995;99.82699759999996;99.96907759999995;
13.453377333333302;99.82676879999995;99.82652399999995;99.8248055999999;99.82676879999995;99.82415599999992;9.441359999999985;99.83464399999991;99.82219279999995;99.82699759999996;99.96907759999995;
13.553377333333302;99.82676879999995;99.82652399999995;99.8248055999999;99.82676879999995;99.82415599999992;9.441359999999985;99.83464399999991;99.82219279999995;99.82699759999996;99.96907759999995;
13.653377333333301;99.82676879999995;99.82652399999995;99.8248055999999;99.82676879999995;99.82415599999992;9.441359999999985;99.83464399999991;99.82219279999995;99.82699759999996;99.96907759999995;
13.753377333333301;99.82676879999995;99.82652399999995;99.8248055999999;99.82676879999995;99.82415599999992;9.441359999999985;99.83464399999991;99.82219279999995;99.82699759999996;99.96907759999995;
13.8533773333333;99.82676879999995;99.82652399999995;99.8248055999999;99.82676879999995;99.82415599999992;9.441359999999985;99.83464399999991;99.82219279999995;99.82699759999996;99.96907759999995;
13.9533773333333;99.82676879999995;99.82652399999995;99.8248055999999;99.82676879999995;99.82415599999992;9.441359999999985;99.83464399999991;99.82219279999995;99.82699759999996;99.96907759999995;
14.0533773333333;99.82676879999995;99.82652399999995;99.8248055999999;99.82676879999995;99.82415599999992;9.441359999999985;99.83464399999991;99.82219279999995;99.82699759999996;99.96907759999995;
14.116666666666633;99.82676879999995;99.82652399999995;99.8247055999999;99.82676879999995;99.82415599999992;9.441359999999985;99.83464399999991;99.82209279999995;99.82699759999996;99.96907759999995;
14.2533773333333;99.82666879999995;99.82642399999995;99.8247055999999;99.82666879999995;99.82405599999991;9.441359999999985;99.83454399999991;99.82209279999995;99.82689759999995;99.96897759999995;
14.353377333333299;99.82666879999995;99.82642399999995;99.8247055999999;99.82666879999995;99.82405599999991;9.441359999999985;99.83454399999991;99.82209279999995;99.82689759999995;99.96897759999995;
14.453377333333298;99.82666879999995;99.82642399999995;99.8247055999999;99.82666879999995;99.82405599999991;9.441359999999985;99.83454399999991;99.82209279999995;99.82689759999995;99.96897759999995;
14.553377333333298;99.82666879999995;99.82642399999995;99.8247055999999;99.82666879999995;99.82405599999991;9.441359999999985;99.83454399999991;99.82209279999995;99.82689759999995;99.96897759999995;
14.653377333333298;99.82666879999995;99.82642399999995;99.8247055999999;99.82666879999995;99.82405599999991;9.441359999999985;99.83454399999991;99.82209279999995;99.82689759999995;99.96897759999995;
14.753377333333297;99.82666879999995;99.82642399999995;99.8247055999999;99.82666879999995;99.82405599999991;9.441359999999985;99.83454399999991;99.82209279999995;99.82689759999995;99.96897759999995;
14.853377333333297;99.82666879999995;99.82642399999995;99.8247055999999;99.82666879999995;99.82405599999991;9.441359999999985;99.83454399999991;99.82209279999995;99.82689759999995;99.96897759999995;
14.953377333333297;99.82666879999995;99.82642399999995;99.8247055999999;99.82666879999995;99.82405599999991;9.441359999999985;99.83454399999991;99.82209279999995;99.82689759999995;99.96897759999995;
15.053377333333296;99.82666879999995;99.82642399999995;99.8247055999999;99.82666879999995;99.82405599999991;9.441359999999985;99.83454399999991;99.82209279999995;99.82689759999995;99.96897759999995;
15.12666666666663;99.82666879999995;99.82642399999995;99.8246055999999;99.82666879999995;99.82405599999991;9.441359999999985;99.83454399999991;99.82199279999995;99.82689759999995;99.96897759999995;
15.253377333333296;99.82656879999995;99.82632399999994;99.8246055999999;99.82656879999995;99.82395599999991;9.441359999999985;99.8344439999999;99.82199279999995;99.82679759999995;99.96887759999994;
15.353377333333295;99.82656879999995;99.82632399999994;99.8246055999999;99.82656879999995;99.82395599999991;9.441359999999985;99.8344439999999;99.82199279999995;99.82679759999995;99.96887759999994;
15.453377333333295;99.82656879999995;99.82632399999994;99.8246055999999;99.82656879999995;99.82395599999991;9.441359999999985;99.8344439999999;99.82199279999995;99.82679759999995;99.96887759999994;
15.553377333333295;99.82656879999995;99.82632399999994;99.8246055999999;99.82656879999995;99.82395599999991;9.441359999999985;99.8344439999999;99.82199279999995;99.82679759999995;99.96887759999994;
15.653377333333294;99.82656879999995;99.82632399999994;99.8246055999999;99.82656879999995;99.82395599999991;9.441359999999985;99.8344439999999;99.82199279999995;99.82679759999995;99.96887759999994;
15.753377333333294;99.82656879999995;99.82632399999994;99.8246055999999;99.82656879999995;99.82395599999991;9.441359999999985;99.8344439999999;99.82199279999995;99.82679759999995;99.96887759999994;
15.853377333333293;99.82656879999995;99.82632399999994;99.8246055999999;99.82656879999995;99.82395599999991;9.441359999999985;99.8344439999999;99.82199279999995;99.82679759999995;99.96887759999994;
15.953377333333293;99.82656879999995;99.82632399999994;99.8246055999999;99.82656879999995;99.82395599999991;9.441359999999985;99.8344439999999;99.82199279999995;99.82679759999995;99.96887759999994;
16.053377333333295;99.82656879999995;99.82632399999994;99.8246055999999;99.82656879999995;99.82395599999991;9.441359999999985;99.8344439999999;99.82199279999995;99.82679759999995;99.96887759999994;
16.136666666666628;99.82656879999995;99.82632399999994;99.8245055999999;99.82656879999995;99.82395599999991;9.441359999999985;99.8344439999999;99.82189279999994;99.82679759999995;99.96887759999994;
16.253377333333297;99.82646879999994;99.82622399999994;99.8245055999999;99.82646879999994;99.8238559999999;9.441359999999985;99.8343439999999;99.82189279999994;99.82669759999995;99.96877759999994;
16.3533773333333;99.82646879999994;99.82622399999994;99.8245055999999;99.82646879999994;99.8238559999999;9.441359999999985;99.8343439999999;99.82189279999994;99.82669759999995;99.96877759999994;
16.4533773333333;99.82646879999994;99.82622399999994;99.8245055999999;99.82646879999994;99.8238559999999;9.441359999999985;99.8343439999999;99.82189279999994;99.82669759999995;99.96877759999994;
16.5533773333333;99.82646879999994;99.82622399999994;99.8245055999999;99.82646879999994;99.8238559999999;9.441359999999985;99.8343439999999;99.82189279999994;99.82669759999995;99.96877759999994;
16.653377333333303;99.82646879999994;99.82622399999994;99.8245055999999;99.82646879999994;99.8238559999999;9.441359999999985;99.8343439999999;99.82189279999994;99.82669759999995;99.96877759999994;
16.753377333333304;99.82646879999994;99.82622399999994;99.8245055999999;99.82646879999994;99.8238559999999;9.441359999999985;99.8343439999999;99.82189279999994;99.82669759999995;99.96877759999994;
16.853377333333306;99.82646879999994;99.82622399999994;99.8245055999999;99.82646879999994;99.8238559999999;9.441359999999985;99.8343439999999;99.82189279999994;99.82669759999995;99.96877759999994;
16.953377333333307;99.82646879999994;99.82622399999994;99.8245055999999;99.82646879999994;99.8238559999999;9.441359999999985;99.8343439999999;99.82189279999994;99.82669759999995;99.96877759999994;
17.05337733333331;99.82646879999994;99.82622399999994;99.8245055999999;99.82646879999994;99.8238559999999;9.441359999999985;99.8343439999999;99.82189279999994;99.82669759999995;99.96877759999994;
17.146666666666643;99.82646879999994;99.82622399999994;99.82440559999989;99.82646879999994;99.8238559999999;9.441359999999985;99.8343439999999;99.82179279999994;99.82669759999995;99.96877759999994;
17.253377333333315;99.82636879999994;99.82612399999994;99.82440559999989;99.82636879999994;99.8237559999999;9.441359999999985;99.8342439999999;99.82179279999994;99.82659759999994;99.96867759999994;
17.353377333333317;99.82636879999994;99.82612399999994;99.82440559999989;99.82636879999994;99.8237559999999;9.441359999999985;99.8342439999999;99.82179279999994;99.82659759999994;99.96867759999994;
17.453377333333318;99.82636879999994;99.82612399999994;99.82440559999989;99.82636879999994;99.8237559999999;9.441359999999985;99.8342439999999;99.82179279999994;99.82659759999994;99.96867759999994;
17.55337733333332;99.82636879999994;99.82612399999994;99.82440559999989;99.82636879999994;99.8237559999999;9.441359999999985;99.8342439999999;99.82179279999994;99.82659759999994;99.96867759999994;
17.65337733333332;99.82636879999994;99.82612399999994;99.82440559999989;99.82636879999994;99.8237559999999;9.441359999999985;99.8342439999999;99.82179279999994;99.82659759999994;99.96867759999994;
17.753377333333322;99.82636879999994;99.82612399999994;99.82440559999989;99.82636879999994;99.8237559999999;9.441359999999985;99.8342439999999;99.82179279999994;99.82659759999994;99.96867759999994;
17.853377333333324;99.82636879999994;99.82612399999994;99.82440559999989;99.82636879999994;99.8237559999999;9.441359999999985;99.8342439999999;99.82179279999994;99.82659759999994;99.96867759999994;
17.953377333333325;99.82636879999994;99.82612399999994;99.82440559999989;99.82636879999994;99.8237559999999;9.441359999999985;99.8342439999999;99.82179279999994;99.82659759999994;99.96867759999994;
18.000000000000007;99.82636879999994;99.82612399999994;99.82440559999989;99.82636879999994;99.8237559999999;9.441359999999985;99.8342439999999;99.82179279999994;99.82659759999994;99.96867759999994;
18.153377333333324;99.82636879999994;99.82612399999994;99.82440559999989;99.82636879999994;99.8237559999999;9.441359999999985;99.8342439999999;99.82179279999994;99.82659759999994;99.96867759999994;
18.203377333333332;99.80258879999994;99.80234399999993;99.80109919999988;99.80258879999994;99.7995023999999;9.430148799999985;99.81093759999989;99.79801279999994;99.80281759999994;99.96857759999993;
18.323377333333333;99.80258879999994;99.80234399999993;99.80109919999988;99.80258879999994;99.7995023999999;9.350068799999983;99.81093759999989;99.79801279999994;99.80281759999994;99.96857759999993;
18.423377333333335;99.80258879999994;99.80234399999993;99.80109919999988;99.80258879999994;99.7995023999999;9.350068799999983;99.81093759999989;99.79801279999994;99.80281759999994;99.96857759999993;
18.523377333333336;99.80258879999994;99.80234399999993;99.80109919999988;99.80258879999994;99.7995023999999;9.350068799999983;99.81093759999989;99.79801279999994;99.80281759999994;99.96857759999993;
18.623377333333337;99.80258879999994;99.80234399999993;99.80109919999988;99.80258879999994;99.7995023999999;9.350068799999983;99.81093759999989;99.79801279999994;99.80281759999994;99.96857759999993;
18.72337733333334;99.80258879999994;99.80234399999993;99.80109919999988;99.80258879999994;99.7995023999999;9.350068799999983;99.81093759999989;99.79801279999994;99.80281759999994;99.96857759999993;
18.82337733333334;99.80258879999994;99.80234399999993;99.80109919999988;99.80258879999994;99.7995023999999;9.350068799999983;99.81093759999989;99.79801279999994;99.80281759999994;99.96857759999993;
18.92337733333334;99.80258879999994;99.80234399999993;99.80109919999988;99.80258879999994;99.7995023999999;9.350068799999983;99.81093759999989;99.79801279999994;99.80281759999994;99.96857759999993;
19.023377333333343;99.80258879999994;99.80234399999993;99.80109919999988;99.80258879999994;99.7995023999999;9.350068799999983;99.81093759999989;99.79801279999994;99.80281759999994;99.96857759999993;
19.123377333333345;99.80258879999994;99.80234399999993;99.80109919999988;99.80258879999994;99.7995023999999;9.350068799999983;99.81093759999989;99.79801279999994;99.80281759999994;99.96857759999993;
19.21337733333335;99.77880879999994;99.77856399999993;99.77779279999987;99.77880879999994;99.77524879999989;9.338857599999983;99.78763119999988;99.77423279999994;99.77903759999994;99.96847759999993;
19.333377333333353;99.77880879999994;99.77856399999993;99.77779279999987;99.77880879999994;99.77524879999989;9.25877759999998;99.78763119999988;99.77423279999994;99.77903759999994;99.96847759999993;
19.433377333333354;99.77880879999994;99.77856399999993;99.77779279999987;99.77880879999994;99.77524879999989;9.25877759999998;99.78763119999988;99.77423279999994;99.77903759999994;99.96847759999993;
19.533377333333355;99.77880879999994;99.77856399999993;99.77779279999987;99.77880879999994;99.77524879999989;9.25877759999998;99.78763119999988;99.77423279999994;99.77903759999994;99.96847759999993;
19.633377333333357;99.77880879999994;99.77856399999993;99.77779279999987;99.77880879999994;99.77524879999989;9.25877759999998;99.78763119999988;99.77423279999994;99.77903759999994;99.96847759999993;
19.733377333333358;99.77880879999994;99.77856399999993;99.77779279999987;99.77880879999994;99.77524879999989;9.25877759999998;99.78763119999988;99.77423279999994;99.77903759999994;99.96847759999993;
19.83337733333336;99.77880879999994;99.77856399999993;99.77779279999987;99.77880879999994;99.77524879999989;9.25877759999998;99.78763119999988;99.77423279999994;99.77903759999994;99.96847759999993;
19.93337733333336;99.77880879999994;99.77856399999993;99.77779279999987;99.77880879999994;99.77524879999989;9.25877759999998;99.78763119999988;99.77423279999994;99.77903759999994;99.96847759999993;
20.033377333333362;99.77880879999994;99.77856399999993;99.77779279999987;99.77880879999994;99.77524879999989;9.25877759999998;99.78763119999988;99.77423279999994;99.77903759999994;99.96847759999993;
20.133377333333364;99.77880879999994;99.77856399999993;99.77779279999987;99.77880879999994;99.77524879999989;9.25877759999998;99.78763119999988;99.77423279999994;99.77903759999994;99.96847759999993;
20.206666666666703;99.75502879999993;99.75478399999993;99.75448639999986;99.75502879999993;99.75099519999988;9.25877759999998;99.76432479999987;99.75045279999993;99.75525759999994;99.96837759999993;
20.343377333333372;99.75502879999993;99.75478399999993;99.75448639999986;99.75502879999993;99.75099519999988;9.167486399999978;99.76432479999987;99.75045279999993;99.75525759999994;99.96837759999993;
20.443377333333373;99.75502879999993;99.75478399999993;99.75448639999986;99.75502879999993;99.75099519999988;9.167486399999978;99.76432479999987;99.75045279999993;99.75525759999994;99.96837759999993;
20.543377333333375;99.75502879999993;99.75478399999993;99.75448639999986;99.75502879999993;99.75099519999988;9.167486399999978;99.76432479999987;99.75045279999993;99.75525759999994;99.96837759999993;
20.643377333333376;99.75502879999993;99.75478399999993;99.75448639999986;99.75502879999993;99.75099519999988;9.167486399999978;99.76432479999987;99.75045279999993;99.75525759999994;99.96837759999993;
20.743377333333378;99.75502879999993;99.75478399999993;99.75448639999986;99.75502879999993;99.75099519999988;9.167486399999978;99.76432479999987;99.75045279999993;99.75525759999994;99.96837759999993;
20.84337733333338;99.75502879999993;99.75478399999993;99.75448639999986;99.75502879999993;99.75099519999988;9.167486399999978;99.76432479999987;99.75045279999993;99.75525759999994;99.96837759999993;
20.94337733333338;99.75502879999993;99.75478399999993;99.75448639999986;99.75502879999993;99.75099519999988;9.167486399999978;99.76432479999987;99.75045279999993;99.75525759999994;99.96837759999993;
21.043377333333382;99.75502879999993;99.75478399999993;99.75448639999986;99.75502879999993;99.75099519999988;9.167486399999978;99.76432479999987;99.75045279999993;99.75525759999994;99.96837759999993;
21.143377333333383;99.75502879999993;99.75478399999993;99.75448639999986;99.75502879999993;99.75099519999988;9.167486399999978;99.76432479999987;99.75045279999993;99.75525759999994;99.96837759999993;
21.20666666666672;99.73124879999993;99.73100399999993;99.73117999999985;99.73124879999993;99.72674159999987;9.167486399999978;99.76432479999987;99.72667279999993;99.73147759999993;99.96827759999992;
21.35337733333339;99.73124879999993;99.73100399999993;99.73117999999985;99.73124879999993;99.72674159999987;9.076195199999976;99.74101839999986;99.72667279999993;99.73147759999993;99.96827759999992;
21.453377333333393;99.73124879999993;99.73100399999993;99.73117999999985;99.73124879999993;99.72674159999987;9.076195199999976;99.74101839999986;99.72667279999993;99.73147759999993;99.96827759999992;
21.553377333333394;99.73124879999993;99.73100399999993;99.73117999999985;99.73124879999993;99.72674159999987;9.076195199999976;99.74101839999986;99.72667279999993;99.73147759999993;99.96827759999992;
21.653377333333395;99.73124879999993;99.73100399999993;99.73117999999985;99.73124879999993;99.72674159999987;9.076195199999976;99.74101839999986;99.72667279999993;99.73147759999993;99.96827759999992;
21.753377333333397;99.73124879999993;99.73100399999993;99.73117999999985;99.73124879999993;99.72674159999987;9.076195199999976;99.74101839999986;99.72667279999993;99.73147759999993;99.96827759999992;
21.8533773333334;99.73124879999993;99.73100399999993;99.73117999999985;99.73124879999993;99.72674159999987;9.076195199999976;99.74101839999986;99.72667279999993;99.73147759999993;99.96827759999992;
21.9533773333334;99.73124879999993;99.73100399999993;99.73117999999985;99.73124879999993;99.72674159999987;9.076195199999976;99.74101839999986;99.72667279999993;99.73147759999993;99.96827759999992;
22.0533773333334;99.73124879999993;99.73100399999993;99.73117999999985;99.73124879999993;99.72674159999987;9.076195199999976;99.74101839999986;99.72667279999993;99.73147759999993;99.96827759999992;
22.153377333333403;99.73124879999993;99.73100399999993;99.73117999999985;99.73124879999993;99.72674159999987;9.076195199999976;99.74101839999986;99.72667279999993;99.73147759999993;99.96827759999992;
22.206666666666738;99.73124879999993;99.73100399999993;99.70787359999984;99.73124879999993;99.72674159999987;9.076195199999976;99.74101839999986;99.70289279999993;99.73147759999993;99.96827759999992;
22.36337733333341;99.70746879999993;99.70722399999993;99.70787359999984;99.70746879999993;99.70248799999986;8.984903999999974;99.71771199999985;99.70289279999993;99.70769759999993;99.96817759999992;
22.463377333333412;99.70746879999993;99.70722399999993;99.70787359999984;99.70746879999993;99.70248799999986;8.984903999999974;99.71771199999985;99.70289279999993;99.70769759999993;99.96817759999992;
22.563377333333413;99.70746879999993;99.70722399999993;99.70787359999984;99.70746879999993;99.70248799999986;8.984903999999974;99.71771199999985;99.70289279999993;99.70769759999993;99.96817759999992;
22.663377333333415;99.70746879999993;99.70722399999993;99.70787359999984;99.70746879999993;99.70248799999986;8.984903999999974;99.71771199999985;99.70289279999993;99.70769759999993;99.96817759999992;
22.763377333333416;99.70746879999993;99.70722399999993;99.70787359999984;99.70746879999993;99.70248799999986;8.984903999999974;99.71771199999985;99.70289279999993;99.70769759999993;99.96817759999992;
22.863377333333418;99.70746879999993;99.70722399999993;99.70787359999984;99.70746879999993;99.70248799999986;8.984903999999974;99.71771199999985;99.70289279999993;99.70769759999993;99.96817759999992;
22.96337733333342;99.70746879999993;99.70722399999993;99.70787359999984;99.70746879999993;99.70248799999986;8.984903999999974;99.71771199999985;99.70289279999993;99.70769759999993;99.96817759999992;
23.06337733333342;99.70746879999993;99.70722399999993;99.70787359999984;99.70746879999993;99.70248799999986;8.984903999999974;99.71771199999985;99.70289279999993;99.70769759999993;99.96817759999992;
23.163377333333422;99.70746879999993;99.70722399999993;99.70787359999984;99.70746879999993;99.70248799999986;8.984903999999974;99.71771199999985;99.70289279999993;99.70769759999993;99.96817759999992;
23.206666666666756;99.70746879999993;99.70722399999993;99.70777359999984;99.70746879999993;99.70248799999986;8.984903999999974;99.71771199999985;99.70279279999993;99.70769759999993;99.96817759999992;
23.37337733333343;99.68368879999993;99.68344399999992;99.68456719999983;99.68368879999993;99.67823439999985;8.893612799999971;99.69440559999984;99.67911279999993;99.68391759999993;99.96807759999992;
23.47337733333343;99.68368879999993;99.68344399999992;99.68456719999983;99.68368879999993;99.67823439999985;8.893612799999971;99.69440559999984;99.67911279999993;99.68391759999993;99.96807759999992;
23.573377333333433;99.68368879999993;99.68344399999992;99.68456719999983;99.68368879999993;99.67823439999985;8.893612799999971;99.69440559999984;99.67911279999993;99.68391759999993;99.96807759999992;
23.673377333333434;99.68368879999993;99.68344399999992;99.68456719999983;99.68368879999993;99.67823439999985;8.893612799999971;99.69440559999984;99.67911279999993;99.68391759999993;99.96807759999992;
23.773377333333436;99.68368879999993;99.68344399999992;99.68456719999983;99.68368879999993;99.67823439999985;8.893612799999971;99.69440559999984;99.67911279999993;99.68391759999993;99.96807759999992;
23.873377333333437;99.68368879999993;99.68344399999992;99.68456719999983;99.68368879999993;99.67823439999985;8.893612799999971;99.69440559999984;99.67911279999993;99.68391759999993;99.96807759999992;
23.97337733333344;99.68368879999993;99.68344399999992;99.68456719999983;99.68368879999993;99.67823439999985;8.893612799999971;99.69440559999984;99.67911279999993;99.68391759999993;99.96807759999992;
24.000000000000124;99.68368879999993;99.68344399999992;99.68456719999983;99.68368879999993;99.67823439999985;8.893612799999971;99.69440559999984;99.67911279999993;99.68391759999993;99.96807759999992;
24.173377333333438;99.68368879999993;99.68344399999992;99.68456719999983;99.68368879999993;99.67823439999985;8.893612799999971;99.69440559999984;99.67911279999993;99.68391759999993;99.96807759999992;
24.21666666666677;99.68368879999993;99.68344399999992;99.68446719999983;99.68368879999993;99.67823439999985;8.893612799999971;99.69440559999984;99.67901279999992;99.68391759999993;99.96807759999992;
24.373377333333444;99.68358879999992;99.68334399999992;99.68446719999983;99.68358879999992;99.67813439999985;8.893612799999971;99.69430559999984;99.67901279999992;99.68381759999993;99.96797759999991;
24.473377333333445;99.68358879999992;99.68334399999992;99.68446719999983;99.68358879999992;99.67813439999985;8.893612799999971;99.69430559999984;99.67901279999992;99.68381759999993;99.96797759999991;
24.573377333333447;99.68358879999992;99.68334399999992;99.68446719999983;99.68358879999992;99.67813439999985;8.893612799999971;99.69430559999984;99.67901279999992;99.68381759999993;99.96797759999991;
24.67337733333345;99.68358879999992;99.68334399999992;99.68446719999983;99.68358879999992;99.67813439999985;8.893612799999971;99.69430559999984;99.67901279999992;99.68381759999993;99.96797759999991;
24.77337733333345;99.68358879999992;99.68334399999992;99.68446719999983;99.68358879999992;99.67813439999985;8.893612799999971;99.69430559999984;99.67901279999992;99.68381759999993;99.96797759999991;
24.87337733333345;99.68358879999992;99.68334399999992;99.68446719999983;99.68358879999992;99.67813439999985;8.893612799999971;99.69430559999984;99.67901279999992;99.68381759999993;99.96797759999991;
24.973377333333453;99.68358879999992;99.68334399999992;99.68446719999983;99.68358879999992;99.67813439999985;8.893612799999971;99.69430559999984;99.67901279999992;99.68381759999993;99.96797759999991;
25.073377333333454;99.68358879999992;99.68334399999992;99.68446719999983;99.68358879999992;99.67813439999985;8.893612799999971;99.69430559999984;99.67901279999992;99.68381759999993;99.96797759999991;
25.173377333333455;99.68358879999992;99.68334399999992;99.68446719999983;99.68358879999992;99.67813439999985;8.893612799999971;99.69430559999984;99.67901279999992;99.68381759999993;99.96797759999991;
25.226666666666787;99.68358879999992;99.68334399999992;99.68436719999983;99.68358879999992;99.67813439999985;8.893612799999971;99.69430559999984;99.67891279999992;99.68381759999993;99.96797759999991;
25.37337733333346;99.68348879999992;99.68324399999992;99.68436719999983;99.68348879999992;99.67803439999985;8.893612799999971;99.69420559999983;99.67891279999992;99.68371759999992;99.96787759999991;
25.47337733333346;99.68348879999992;99.68324399999992;99.68436719999983;99.68348879999992;99.67803439999985;8.893612799999971;99.69420559999983;99.67891279999992;99.68371759999992;99.96787759999991;
25.57337733333346;99.68348879999992;99.68324399999992;99.68436719999983;99.68348879999992;99.67803439999985;8.893612799999971;99.69420559999983;99.67891279999992;99.68371759999992;99.96787759999991;
25.673377333333463;99.68348879999992;99.68324399999992;99.68436719999983;99.68348879999992;99.67803439999985;8.893612799999971;99.69420559999983;99.67891279999992;99.68371759999992;99.96787759999991;
25.773377333333464;99.68348879999992;99.68324399999992;99.68436719999983;99.68348879999992;99.67803439999985;8.893612799999971;99.69420559999983;99.67891279999992;99.68371759999992;99.96787759999991;
25.873377333333465;99.68348879999992;99.68324399999992;99.68436719999983;99.68348879999992;99.67803439999985;8.893612799999971;99.69420559999983;99.67891279999992;99.68371759999992;99.96787759999991;
25.973377333333467;99.68348879999992;99.68324399999992;99.68436719999983;99.68348879999992;99.67803439999985;8.893612799999971;99.69420559999983;99.67891279999992;99.68371759999992;99.96787759999991;
26.073377333333468;99.68348879999992;99.68324399999992;99.68436719999983;99.68348879999992;99.67803439999985;8.893612799999971;99.69420559999983;99.67891279999992;99.68371759999992;99.96787759999991;
26.17337733333347;99.68348879999992;99.68324399999992;99.68436719999983;99.68348879999992;99.67803439999985;8.893612799999971;99.69420559999983;99.67891279999992;99.68371759999992;99.96787759999991;
26.236666666666803;99.68348879999992;99.68324399999992;99.68426719999982;99.68348879999992;99.67803439999985;8.893612799999971;99.69420559999983;99.67881279999992;99.68371759999992;99.96787759999991;
26.373377333333476;99.68338879999992;99.68314399999991;99.68426719999982;99.68338879999992;99.67793439999984;8.893612799999971;99.69410559999983;99.67881279999992;99.68361759999992;99.9677775999999;
26.473377333333477;99.68338879999992;99.68314399999991;99.68426719999982;99.68338879999992;99.67793439999984;8.893612799999971;99.69410559999983;99.67881279999992;99.68361759999992;99.9677775999999;
26.57337733333348;99.68338879999992;99.68314399999991;99.68426719999982;99.68338879999992;99.67793439999984;8.893612799999971;99.69410559999983;99.67881279999992;99.68361759999992;99.9677775999999;
26.67337733333348;99.68338879999992;99.68314399999991;99.68426719999982;99.68338879999992;99.67793439999984;8.893612799999971;99.69410559999983;99.67881279999992;99.68361759999992;99.9677775999999;
26.77337733333348;99.68338879999992;99.68314399999991;99.68426719999982;99.68338879999992;99.67793439999984;8.893612799999971;99.69410559999983;99.67881279999992;99.68361759999992;99.9677775999999;
26.873377333333483;99.68338879999992;99.68314399999991;99.68426719999982;99.68338879999992;99.67793439999984;8.893612799999971;99.69410559999983;99.67881279999992;99.68361759999992;99.9677775999999;
26.973377333333485;99.68338879999992;99.68314399999991;99.68426719999982;99.68338879999992;99.67793439999984;8.893612799999971;99.69410559999983;99.67881279999992;99.68361759999992;99.9677775999999;
27.073377333333486;99.68338879999992;99.68314399999991;99.68426719999982;99.68338879999992;99.67793439999984;8.893612799999971;99.69410559999983;99.67881279999992;99.68361759999992;99.9677775999999;
27.173377333333487;99.68338879999992;99.68314399999991;99.68426719999982;99.68338879999992;99.67793439999984;8.893612799999971;99.69410559999983;99.67881279999992;99.68361759999992;99.9677775999999;
27.246666666666822;99.68338879999992;99.68314399999991;99.68416719999982;99.68338879999992;99.67793439999984;8.893612799999971;99.69410559999983;99.67871279999991;99.68361759999992;99.9677775999999;
27.373377333333494;99.68328879999991;99.68304399999991;99.68416719999982;99.68328879999991;99.67783439999984;8.893612799999971;99.69400559999983;99.67871279999991;99.68351759999992;99.9676775999999;
27.473377333333495;99.68328879999991;99.68304399999991;99.68416719999982;99.68328879999991;99.67783439999984;8.893612799999971;99.69400559999983;99.67871279999991;99.68351759999992;99.9676775999999;
27.573377333333497;99.68328879999991;99.68304399999991;99.68416719999982;99.68328879999991;99.67783439999984;8.893612799999971;99.69400559999983;99.67871279999991;99.68351759999992;99.9676775999999;
27.673377333333498;99.68328879999991;99.68304399999991;99.68416719999982;99.68328879999991;99.67783439999984;8.893612799999971;99.69400559999983;99.67871279999991;99.68351759999992;99.9676775999999;
27.7733773333335;99.68328879999991;99.68304399999991;99.68416719999982;99.68328879999991;99.67783439999984;8.893612799999971;99.69400559999983;99.67871279999991;99.68351759999992;99.9676775999999;
27.8733773333335;99.68328879999991;99.68304399999991;99.68416719999982;99.68328879999991;99.67783439999984;8.893612799999971;99.69400559999983;99.67871279999991;99.68351759999992;99.9676775999999;
27.973377333333502;99.68328879999991;99.68304399999991;99.68416719999982;99.68328879999991;99.67783439999984;8.893612799999971;99.69400559999983;99.67871279999991;99.68351759999992;99.9676775999999;
28.073377333333504;99.68328879999991;99.68304399999991;99.68416719999982;99.68328879999991;99.67783439999984;8.893612799999971;99.69400559999983;99.67871279999991;99.68351759999992;99.9676775999999;
28.173377333333505;99.68328879999991;99.68304399999991;99.68416719999982;99.68328879999991;99.67783439999984;8.893612799999971;99.69400559999983;99.67871279999991;99.68351759999992;99.9676775999999;
28.25666666666684;99.68328879999991;99.68304399999991;99.68406719999982;99.68328879999991;99.67783439999984;8.893612799999971;99.69400559999983;99.67861279999991;99.68351759999992;99.9676775999999;
28.373377333333508;99.68318879999991;99.6829439999999;99.68406719999982;99.68318879999991;99.67773439999984;8.893612799999971;99.69390559999982;99.67861279999991;99.68341759999991;99.9675775999999;
28.47337733333351;99.68318879999991;99.6829439999999;99.68406719999982;99.68318879999991;99.67773439999984;8.893612799999971;99.69390559999982;99.67861279999991;99.68341759999991;99.9675775999999;
28.57337733333351;99.68318879999991;99.6829439999999;99.68406719999982;99.68318879999991;99.67773439999984;8.893612799999971;99.69390559999982;99.67861279999991;99.68341759999991;99.9675775999999;
28.673377333333512;99.68318879999991;99.6829439999999;99.68406719999982;99.68318879999991;99.67773439999984;8.893612799999971;99.69390559999982;99.67861279999991;99.68341759999991;99.9675775999999;
28.773377333333514;99.68318879999991;99.6829439999999;99.68406719999982;99.68318879999991;99.67773439999984;8.893612799999971;99.69390559999982;99.67861279999991;99.68341759999991;99.9675775999999;
28.873377333333515;99.68318879999991;99.6829439999999;99.68406719999982;99.68318879999991;99.67773439999984;8.893612799999971;99.69390559999982;99.67861279999991;99.68341759999991;99.9675775999999;
28.973377333333517;99.68318879999991;99.6829439999999;99.68406719999982;99.68318879999991;99.67773439999984;8.893612799999971;99.69390559999982;99.67861279999991;99.68341759999991;99.9675775999999;
29.073377333333518;99.68318879999991;99.6829439999999;99.68406719999982;99.68318879999991;99.67773439999984;8.893612799999971;99.69390559999982;99.67861279999991;99.68341759999991;99.9675775999999;
29.17337733333352;99.68318879999991;99.6829439999999;99.68406719999982;99.68318879999991;99.67773439999984;8.893612799999971;99.69390559999982;99.67861279999991;99.68341759999991;99.9675775999999;
29.266666666666854;99.68318879999991;99.6829439999999;99.68396719999981;99.68318879999991;99.67773439999984;8.893612799999971;99.69390559999982;99.67851279999991;99.68341759999991;99.9675775999999;
29.373377333333526;99.68308879999991;99.6828439999999;99.68396719999981;99.68308879999991;99.67763439999983;8.893612799999971;99.69380559999982;99.67851279999991;99.68331759999991;99.9674775999999;
29.473377333333527;99.68308879999991;99.6828439999999;99.68396719999981;99.68308879999991;99.67763439999983;8.893612799999971;99.69380559999982;99.67851279999991;99.68331759999991;99.9674775999999;
29.57337733333353;99.68308879999991;99.6828439999999;99.68396719999981;99.68308879999991;99.67763439999983;8.893612799999971;99.69380559999982;99.67851279999991;99.68331759999991;99.9674775999999;
29.67337733333353;99.68308879999991;99.6828439999999;99.68396719999981;99.68308879999991;99.67763439999983;8.893612799999971;99.69380559999982;99.67851279999991;99.68331759999991;99.9674775999999;
29.77337733333353;99.68308879999991;99.6828439999999;99.68396719999981;99.68308879999991;99.67763439999983;8.893612799999971;99.69380559999982;99.67851279999991;99.68331759999991;99.9674775999999;
29.873377333333533;99.68308879999991;99.6828439999999;99.68396719999981;99.68308879999991;99.67763439999983;8.893612799999971;99.69380559999982;99.67851279999991;99.68331759999991;99.9674775999999;
29.973377333333534;99.68308879999991;99.6828439999999;99.68396719999981;99.68308879999991;99.67763439999983;8.893612799999971;99.69380559999982;99.67851279999991;99.68331759999991;99.9674775999999;
30.000000000000227;99.68308879999991;99.6828439999999;99.68396719999981;99.68308879999991;99.67763439999983;8.893612799999971;99.69380559999982;99.67851279999991;99.68331759999991;99.9674775999999;
30.173377333333534;99.68308879999991;99.6828439999999;99.68396719999981;99.68308879999991;99.67763439999983;8.893612799999971;99.69380559999982;99.67851279999991;99.68331759999991;99.9674775999999;
30.273377333333535;99.68308879999991;99.6828439999999;99.68396719999981;99.68308879999991;99.67763439999983;8.893612799999971;99.69380559999982;99.67851279999991;99.68331759999991;99.9674775999999;
30.306666666666874;99.6829887999999;99.6827439999999;99.68386719999981;99.6829887999999;99.67753439999983;8.893612799999971;99.69370559999982;99.6784127999999;99.6832175999999;99.96737759999989;
30.47337733333354;99.6829887999999;99.6827439999999;99.68386719999981;99.6829887999999;99.67753439999983;8.893612799999971;99.69370559999982;99.6784127999999;99.6832175999999;99.96737759999989;
30.573377333333543;99.6829887999999;99.6827439999999;99.68386719999981;99.6829887999999;99.67753439999983;8.893612799999971;99.69370559999982;99.6784127999999;99.6832175999999;99.96737759999989;
30.673377333333544;99.6829887999999;99.6827439999999;99.68386719999981;99.6829887999999;99.67753439999983;8.893612799999971;99.69370559999982;99.6784127999999;99.6832175999999;99.96737759999989;
30.773377333333546;99.6829887999999;99.6827439999999;99.68386719999981;99.6829887999999;99.67753439999983;8.893612799999971;99.69370559999982;99.6784127999999;99.6832175999999;99.96737759999989;
30.873377333333547;99.6829887999999;99.6827439999999;99.68386719999981;99.6829887999999;99.67753439999983;8.893612799999971;99.69370559999982;99.6784127999999;99.6832175999999;99.96737759999989;
30.97337733333355;99.6829887999999;99.6827439999999;99.68386719999981;99.6829887999999;99.67753439999983;8.893612799999971;99.69370559999982;99.6784127999999;99.6832175999999;99.96737759999989;
31.07337733333355;99.6829887999999;99.6827439999999;99.68386719999981;99.6829887999999;99.67753439999983;8.893612799999971;99.69370559999982;99.6784127999999;99.6832175999999;99.96737759999989;
31.17337733333355;99.6829887999999;99.6827439999999;99.68386719999981;99.6829887999999;99.67753439999983;8.893612799999971;99.69370559999982;99.6784127999999;99.6832175999999;99.96737759999989;
31.273377333333553;99.6829887999999;99.6827439999999;99.68386719999981;99.6829887999999;99.67753439999983;8.893612799999971;99.69370559999982;99.6784127999999;99.6832175999999;99.96737759999989;
31.30666666666689;99.6828887999999;99.6826439999999;99.6837671999998;99.6828887999999;99.67743439999983;8.893612799999971;99.69370559999982;99.6783127999999;99.6831175999999;99.96727759999989;
31.47337733333356;99.6828887999999;99.6826439999999;99.6837671999998;99.6828887999999;99.67743439999983;8.893612799999971;99.69360559999981;99.6783127999999;99.6831175999999;99.96727759999989;
31.57337733333356;99.6828887999999;99.6826439999999;99.6837671999998;99.6828887999999;99.67743439999983;8.893612799999971;99.69360559999981;99.6783127999999;99.6831175999999;99.96727759999989;
31.673377333333562;99.6828887999999;99.6826439999999;99.6837671999998;99.6828887999999;99.67743439999983;8.893612799999971;99.69360559999981;99.6783127999999;99.6831175999999;99.96727759999989;
31.773377333333563;99.6828887999999;99.6826439999999;99.6837671999998;99.6828887999999;99.67743439999983;8.893612799999971;99.69360559999981;99.6783127999999;99.6831175999999;99.96727759999989;
31.873377333333565;99.6828887999999;99.6826439999999;99.6837671999998;99.6828887999999;99.67743439999983;8.893612799999971;99.69360559999981;99.6783127999999;99.6831175999999;99.96727759999989;
31.973377333333566;99.6828887999999;99.6826439999999;99.6837671999998;99.6828887999999;99.67743439999983;8.893612799999971;99.69360559999981;99.6783127999999;99.6831175999999;99.96727759999989;
32.07337733333357;99.6828887999999;99.6826439999999;99.6837671999998;99.6828887999999;99.67743439999983;8.893612799999971;99.69360559999981;99.6783127999999;99.6831175999999;99.96727759999989;
32.17337733333357;99.6828887999999;99.6826439999999;99.6837671999998;99.6828887999999;99.67743439999983;8.893612799999971;99.69360559999981;99.6783127999999;99.6831175999999;99.96727759999989;
32.27337733333357;99.6828887999999;99.6826439999999;99.6837671999998;99.6828887999999;99.67743439999983;8.893612799999971;99.69360559999981;99.6783127999999;99.6831175999999;99.96727759999989;
32.30666666666691;99.6828887999999;99.6826439999999;99.6836671999998;99.6828887999999;99.67743439999983;8.893612799999971;99.69360559999981;99.6782127999999;99.6831175999999;99.96727759999989;
32.473377333333566;99.6827887999999;99.6825439999999;99.6836671999998;99.6827887999999;99.67733439999982;8.893612799999971;99.69350559999981;99.6782127999999;99.6830175999999;99.96717759999989;
32.57337733333357;99.6827887999999;99.6825439999999;99.6836671999998;99.6827887999999;99.67733439999982;8.893612799999971;99.69350559999981;99.6782127999999;99.6830175999999;99.96717759999989;
32.67337733333357;99.6827887999999;99.6825439999999;99.6836671999998;99.6827887999999;99.67733439999982;8.893612799999971;99.69350559999981;99.6782127999999;99.6830175999999;99.96717759999989;
32.77337733333357;99.6827887999999;99.6825439999999;99.6836671999998;99.6827887999999;99.67733439999982;8.893612799999971;99.69350559999981;99.6782127999999;99.6830175999999;99.96717759999989;
32.87337733333357;99.6827887999999;99.6825439999999;99.6836671999998;99.6827887999999;99.67733439999982;8.893612799999971;99.69350559999981;99.6782127999999;99.6830175999999;99.96717759999989;
32.97337733333357;99.6827887999999;99.6825439999999;99.6836671999998;99.6827887999999;99.67733439999982;8.893612799999971;99.69350559999981;99.6782127999999;99.6830175999999;99.96717759999989;
33.073377333333575;99.6827887999999;99.6825439999999;99.6836671999998;99.6827887999999;99.67733439999982;8.893612799999971;99.69350559999981;99.6782127999999;99.6830175999999;99.96717759999989;
33.173377333333576;99.6827887999999;99.6825439999999;99.6836671999998;99.6827887999999;99.67733439999982;8.893612799999971;99.69350559999981;99.6782127999999;99.6830175999999;99.96717759999989;
33.27337733333358;99.6827887999999;99.6825439999999;99.6836671999998;99.6827887999999;99.67733439999982;8.893612799999971;99.69350559999981;99.6782127999999;99.6830175999999;99.96717759999989;
33.306666666666914;99.6827887999999;99.6825439999999;99.6835671999998;99.6827887999999;99.67733439999982;8.893612799999971;99.69350559999981;99.6781127999999;99.6830175999999;99.96717759999989;
33.47337733333357;99.6826887999999;99.68244399999989;99.6835671999998;99.6826887999999;99.67723439999982;8.893612799999971;99.6934055999998;99.6781127999999;99.6829175999999;99.96707759999988;
33.573377333333575;99.6826887999999;99.68244399999989;99.6835671999998;99.6826887999999;99.67723439999982;8.893612799999971;99.6934055999998;99.6781127999999;99.6829175999999;99.96707759999988;
33.673377333333576;99.6826887999999;99.68244399999989;99.6835671999998;99.6826887999999;99.67723439999982;8.893612799999971;99.6934055999998;99.6781127999999;99.6829175999999;99.96707759999988;
33.77337733333358;99.6826887999999;99.68244399999989;99.6835671999998;99.6826887999999;99.67723439999982;8.893612799999971;99.6934055999998;99.6781127999999;99.6829175999999;99.96707759999988;
33.87337733333358;99.6826887999999;99.68244399999989;99.6835671999998;99.6826887999999;99.67723439999982;8.893612799999971;99.6934055999998;99.6781127999999;99.6829175999999;99.96707759999988;
33.97337733333358;99.6826887999999;99.68244399999989;99.6835671999998;99.6826887999999;99.67723439999982;8.893612799999971;99.6934055999998;99.6781127999999;99.6829175999999;99.96707759999988;
34.07337733333358;99.6826887999999;99.68244399999989;99.6835671999998;99.6826887999999;99.67723439999982;8.893612799999971;99.6934055999998;99.6781127999999;99.6829175999999;99.96707759999988;
34.17337733333358;99.6826887999999;99.68244399999989;99.6835671999998;99.6826887999999;99.67723439999982;8.893612799999971;99.6934055999998;99.6781127999999;99.6829175999999;99.96707759999988;
34.273377333333585;99.6826887999999;99.68244399999989;99.6835671999998;99.6826887999999;99.67723439999982;8.893612799999971;99.6934055999998;99.6781127999999;99.6829175999999;99.96707759999988;
34.31666666666692;99.6826887999999;99.68244399999989;99.6834671999998;99.6826887999999;99.67723439999982;8.893612799999971;99.6934055999998;99.67801279999989;99.6829175999999;99.96707759999988;
34.47337733333358;99.68258879999989;99.68234399999989;99.6834671999998;99.68258879999989;99.67713439999982;8.893612799999971;99.6933055999998;99.67801279999989;99.6828175999999;99.96697759999988;
34.57337733333358;99.68258879999989;99.68234399999989;99.6834671999998;99.68258879999989;99.67713439999982;8.893612799999971;99.6933055999998;99.67801279999989;99.6828175999999;99.96697759999988;
34.67337733333358;99.68258879999989;99.68234399999989;99.6834671999998;99.68258879999989;99.67713439999982;8.893612799999971;99.6933055999998;99.67801279999989;99.6828175999999;99.96697759999988;
34.773377333333585;99.68258879999989;99.68234399999989;99.6834671999998;99.68258879999989;99.67713439999982;8.893612799999971;99.6933055999998;99.67801279999989;99.6828175999999;99.96697759999988;
34.873377333333586;99.68258879999989;99.68234399999989;99.6834671999998;99.68258879999989;99.67713439999982;8.893612799999971;99.6933055999998;99.67801279999989;99.6828175999999;99.96697759999988;
34.97337733333359;99.68258879999989;99.68234399999989;99.6834671999998;99.68258879999989;99.67713439999982;8.893612799999971;99.6933055999998;99.67801279999989;99.6828175999999;99.96697759999988;
35.07337733333359;99.68258879999989;99.68234399999989;99.6834671999998;99.68258879999989;99.67713439999982;8.893612799999971;99.6933055999998;99.67801279999989;99.6828175999999;99.96697759999988;
35.17337733333359;99.68258879999989;99.68234399999989;99.6834671999998;99.68258879999989;99.67713439999982;8.893612799999971;99.6933055999998;99.67801279999989;99.6828175999999;99.96697759999988;
35.27337733333359;99.68258879999989;99.68234399999989;99.6834671999998;99.68258879999989;99.67713439999982;8.893612799999971;99.6933055999998;99.67801279999989;99.6828175999999;99.96697759999988;
35.326666666666924;99.68258879999989;99.68234399999989;99.6833671999998;99.68258879999989;99.67713439999982;8.893612799999971;99.6933055999998;99.67791279999989;99.6828175999999;99.96697759999988;
35.47337733333359;99.68248879999989;99.68224399999988;99.6833671999998;99.68248879999989;99.67703439999981;8.893612799999971;99.6932055999998;99.67791279999989;99.68271759999989;99.96687759999988;
35.57337733333359;99.68248879999989;99.68224399999988;99.6833671999998;99.68248879999989;99.67703439999981;8.893612799999971;99.6932055999998;99.67791279999989;99.68271759999989;99.96687759999988;
35.67337733333359;99.68248879999989;99.68224399999988;99.6833671999998;99.68248879999989;99.67703439999981;8.893612799999971;99.6932055999998;99.67791279999989;99.68271759999989;99.96687759999988;
35.77337733333359;99.68248879999989;99.68224399999988;99.6833671999998;99.68248879999989;99.67703439999981;8.893612799999971;99.6932055999998;99.67791279999989;99.68271759999989;99.96687759999988;
35.87337733333359;99.68248879999989;99.68224399999988;99.6833671999998;99.68248879999989;99.67703439999981;8.893612799999971;99.6932055999998;99.67791279999989;99.68271759999989;99.96687759999988;
35.973377333333595;99.68248879999989;99.68224399999988;99.6833671999998;99.68248879999989;99.67703439999981;8.893612799999971;99.6932055999998;99.67791279999989;99.68271759999989;99.96687759999988;
36.0000000000003;99.68248879999989;99.68224399999988;99.6833671999998;99.68248879999989;99.67703439999981;8.893612799999971;99.6932055999998;99.67791279999989;99.68271759999989;99.96687759999988;
36.1733773333336;99.68248879999989;99.68224399999988;99.6833671999998;99.68248879999989;99.67703439999981;8.893612799999971;99.6932055999998;99.67791279999989;99.68271759999989;99.96687759999988;
36.2733773333336;99.68248879999989;99.68224399999988;99.6833671999998;99.68248879999989;99.67703439999981;8.893612799999971;99.6932055999998;99.67791279999989;99.68271759999989;99.96687759999988;
36.336666666666936;99.68248879999989;99.68224399999988;99.68326719999979;99.68248879999989;99.67703439999981;8.893612799999971;99.6932055999998;99.67781279999988;99.68271759999989;99.96687759999988;
36.473377333333595;99.68238879999988;99.68214399999988;99.68326719999979;99.68238879999988;99.67693439999981;8.893612799999971;99.6931055999998;99.67781279999988;99.68261759999989;99.96677759999987;
36.573377333333596;99.68238879999988;99.68214399999988;99.68326719999979;99.68238879999988;99.67693439999981;8.893612799999971;99.6931055999998;99.67781279999988;99.68261759999989;99.96677759999987;
36.6733773333336;99.68238879999988;99.68214399999988;99.68326719999979;99.68238879999988;99.67693439999981;8.893612799999971;99.6931055999998;99.67781279999988;99.68261759999989;99.96677759999987;
36.7733773333336;99.68238879999988;99.68214399999988;99.68326719999979;99.68238879999988;99.67693439999981;8.893612799999971;99.6931055999998;99.67781279999988;99.68261759999989;99.96677759999987;
36.8733773333336;99.68238879999988;99.68214399999988;99.68326719999979;99.68238879999988;99.67693439999981;8.893612799999971;99.6931055999998;99.67781279999988;99.68261759999989;99.96677759999987;
36.9733773333336;99.68238879999988;99.68214399999988;99.68326719999979;99.68238879999988;99.67693439999981;8.893612799999971;99.6931055999998;99.67781279999988;99.68261759999989;99.96677759999987;
37.0733773333336;99.68238879999988;99.68214399999988;99.68326719999979;99.68238879999988;99.67693439999981;8.893612799999971;99.6931055999998;99.67781279999988;99.68261759999989;99.96677759999987;
37.173377333333605;99.68238879999988;99.68214399999988;99.68326719999979;99.68238879999988;99.67693439999981;8.893612799999971;99.6931055999998;99.67781279999988;99.68261759999989;99.96677759999987;
37.273377333333606;99.68238879999988;99.68214399999988;99.68326719999979;99.68238879999988;99.67693439999981;8.893612799999971;99.6931055999998;99.67781279999988;99.68261759999989;99.96677759999987;
37.34666666666694;99.68238879999988;99.68214399999988;99.68316719999979;99.68238879999988;99.67693439999981;8.893612799999971;99.6931055999998;99.67771279999988;99.68261759999989;99.96677759999987;
37.4733773333336;99.68228879999988;99.68204399999988;99.68316719999979;99.68228879999988;99.6768343999998;8.893612799999971;99.6930055999998;99.67771279999988;99.68251759999988;99.96667759999987;
37.5733773333336;99.68228879999988;99.68204399999988;99.68316719999979;99.68228879999988;99.6768343999998;8.893612799999971;99.6930055999998;99.67771279999988;99.68251759999988;99.96667759999987;
37.673377333333605;99.68228879999988;99.68204399999988;99.68316719999979;99.68228879999988;99.6768343999998;8.893612799999971;99.6930055999998;99.67771279999988;99.68251759999988;99.96667759999987;
37.773377333333606;99.68228879999988;99.68204399999988;99.68316719999979;99.68228879999988;99.6768343999998;8.893612799999971;99.6930055999998;99.67771279999988;99.68251759999988;99.96667759999987;
37.87337733333361;99.68228879999988;99.68204399999988;99.68316719999979;99.68228879999988;99.6768343999998;8.893612799999971;99.6930055999998;99.67771279999988;99.68251759999988;99.96667759999987;
37.97337733333361;99.68228879999988;99.68204399999988;99.68316719999979;99.68228879999988;99.6768343999998;8.893612799999971;99.6930055999998;99.67771279999988;99.68251759999988;99.96667759999987;
38.07337733333361;99.68228879999988;99.68204399999988;99.68316719999979;99.68228879999988;99.6768343999998;8.893612799999971;99.6930055999998;99.67771279999988;99.68251759999988;99.96667759999987;
38.17337733333361;99.68228879999988;99.68204399999988;99.68316719999979;99.68228879999988;99.6768343999998;8.893612799999971;99.6930055999998;99.67771279999988;99.68251759999988;99.96667759999987;
38.27337733333361;99.68228879999988;99.68204399999988;99.68316719999979;99.68228879999988;99.6768343999998;8.893612799999971;99.6930055999998;99.67771279999988;99.68251759999988;99.96667759999987;
38.356666666666946;99.68228879999988;99.68204399999988;99.68306719999978;99.68228879999988;99.6768343999998;8.893612799999971;99.6930055999998;99.67761279999988;99.68251759999988;99.96667759999987;
38.4733773333336;99.68218879999988;99.68194399999987;99.68306719999978;99.68218879999988;99.6767343999998;8.893612799999971;99.69290559999979;99.67761279999988;99.68241759999988;99.96657759999987;
38.5733773333336;99.68218879999988;99.68194399999987;99.68306719999978;99.68218879999988;99.6767343999998;8.893612799999971;99.69290559999979;99.67761279999988;99.68241759999988;99.96657759999987;
38.673377333333605;99.68218879999988;99.68194399999987;99.68306719999978;99.68218879999988;99.6767343999998;8.893612799999971;99.69290559999979;99.67761279999988;99.68241759999988;99.96657759999987;
38.773377333333606;99.68218879999988;99.68194399999987;99.68306719999978;99.68218879999988;99.6767343999998;8.893612799999971;99.69290559999979;99.67761279999988;99.68241759999988;99.96657759999987;
38.87337733333361;99.68218879999988;99.68194399999987;99.68306719999978;99.68218879999988;99.6767343999998;8.893612799999971;99.69290559999979;99.67761279999988;99.68241759999988;99.96657759999987;
38.97337733333361;99.68218879999988;99.68194399999987;99.68306719999978;99.68218879999988;99.6767343999998;8.893612799999971;99.69290559999979;99.67761279999988;99.68241759999988;99.96657759999987;
39.07337733333361;99.68218879999988;99.68194399999987;99.68306719999978;99.68218879999988;99.6767343999998;8.893612799999971;99.69290559999979;99.67761279999988;99.68241759999988;99.96657759999987;
39.17337733333361;99.68218879999988;99.68194399999987;99.68306719999978;99.68218879999988;99.6767343999998;8.893612799999971;99.69290559999979;99.67761279999988;99.68241759999988;99.96657759999987;
39.27337733333361;99.68218879999988;99.68194399999987;99.68306719999978;99.68218879999988;99.6767343999998;8.893612799999971;99.69290559999979;99.67761279999988;99.68241759999988;99.96657759999987;
39.36666666666695;99.68218879999988;99.68194399999987;99.68296719999978;99.68218879999988;99.6767343999998;8.893612799999971;99.69290559999979;99.67751279999987;99.68241759999988;99.96657759999987;
39.47337733333361;99.68208879999987;99.68184399999987;99.68296719999978;99.68208879999987;99.6766343999998;8.893612799999971;99.69280559999979;99.67751279999987;99.68231759999988;99.96647759999986;
39.57337733333361;99.68208879999987;99.68184399999987;99.68296719999978;99.68208879999987;99.6766343999998;8.893612799999971;99.69280559999979;99.67751279999987;99.68231759999988;99.96647759999986;
39.67337733333361;99.68208879999987;99.68184399999987;99.68296719999978;99.68208879999987;99.6766343999998;8.893612799999971;99.69280559999979;99.67751279999987;99.68231759999988;99.96647759999986;
39.77337733333361;99.68208879999987;99.68184399999987;99.68296719999978;99.68208879999987;99.6766343999998;8.893612799999971;99.69280559999979;99.67751279999987;99.68231759999988;99.96647759999986;
39.873377333333615;99.68208879999987;99.68184399999987;99.68296719999978;99.68208879999987;99.6766343999998;8.893612799999971;99.69280559999979;99.67751279999987;99.68231759999988;99.96647759999986;
39.973377333333616;99.68208879999987;99.68184399999987;99.68296719999978;99.68208879999987;99.6766343999998;8.893612799999971;99.69280559999979;99.67751279999987;99.68231759999988;99.96647759999986;
40.07337733333362;99.68208879999987;99.68184399999987;99.68296719999978;99.68208879999987;99.6766343999998;8.893612799999971;99.69280559999979;99.67751279999987;99.68231759999988;99.96647759999986;
40.17337733333362;99.68208879999987;99.68184399999987;99.68296719999978;99.68208879999987;99.6766343999998;8.893612799999971;99.69280559999979;99.67751279999987;99.68231759999988;99.96647759999986;
40.27337733333362;99.68208879999987;99.68184399999987;99.68296719999978;99.68208879999987;99.6766343999998;8.893612799999971;99.69280559999979;99.67751279999987;99.68231759999988;99.96647759999986;
40.37337733333362;99.68208879999987;99.68184399999987;99.68296719999978;99.68208879999987;99.6766343999998;8.893612799999971;99.69280559999979;99.67751279999987;99.68231759999988;99.96647759999986;
40.40666666666695;99.68198879999987;99.68174399999987;99.68286719999978;99.68198879999987;99.6765343999998;8.893612799999971;99.69270559999978;99.67741279999987;99.68221759999987;99.96637759999986;
40.57337733333362;99.68198879999987;99.68174399999987;99.68286719999978;99.68198879999987;99.6765343999998;8.893612799999971;99.69270559999978;99.67741279999987;99.68221759999987;99.96637759999986;
40.67337733333362;99.68198879999987;99.68174399999987;99.68286719999978;99.68198879999987;99.6765343999998;8.893612799999971;99.69270559999978;99.67741279999987;99.68221759999987;99.96637759999986;
40.77337733333362;99.68198879999987;99.68174399999987;99.68286719999978;99.68198879999987;99.6765343999998;8.893612799999971;99.69270559999978;99.67741279999987;99.68221759999987;99.96637759999986;
40.87337733333362;99.68198879999987;99.68174399999987;99.68286719999978;99.68198879999987;99.6765343999998;8.893612799999971;99.69270559999978;99.67741279999987;99.68221759999987;99.96637759999986;
40.97337733333362;99.68198879999987;99.68174399999987;99.68286719999978;99.68198879999987;99.6765343999998;8.893612799999971;99.69270559999978;99.67741279999987;99.68221759999987;99.96637759999986;
41.073377333333625;99.68198879999987;99.68174399999987;99.68286719999978;99.68198879999987;99.6765343999998;8.893612799999971;99.69270559999978;99.67741279999987;99.68221759999987;99.96637759999986;
41.173377333333626;99.68198879999987;99.68174399999987;99.68286719999978;99.68198879999987;99.6765343999998;8.893612799999971;99.69270559999978;99.67741279999987;99.68221759999987;99.96637759999986;
41.27337733333363;99.68198879999987;99.68174399999987;99.68286719999978;99.68198879999987;99.6765343999998;8.893612799999971;99.69270559999978;99.67741279999987;99.68221759999987;99.96637759999986;
41.37337733333363;99.68198879999987;99.68174399999987;99.68286719999978;99.68198879999987;99.6765343999998;8.893612799999971;99.69270559999978;99.67741279999987;99.68221759999987;99.96637759999986;
41.40666666666696;99.68188879999987;99.68164399999986;99.68276719999977;99.68188879999987;99.67643439999979;8.893612799999971;99.69270559999978;99.67731279999987;99.68211759999987;99.96627759999986;
41.573377333333625;99.68188879999987;99.68164399999986;99.68276719999977;99.68188879999987;99.67643439999979;8.893612799999971;99.69260559999978;99.67731279999987;99.68211759999987;99.96627759999986;
41.673377333333626;99.68188879999987;99.68164399999986;99.68276719999977;99.68188879999987;99.67643439999979;8.893612799999971;99.69260559999978;99.67731279999987;99.68211759999987;99.96627759999986;
41.77337733333363;99.68188879999987;99.68164399999986;99.68276719999977;99.68188879999987;99.67643439999979;8.893612799999971;99.69260559999978;99.67731279999987;99.68211759999987;99.96627759999986;
41.87337733333363;99.68188879999987;99.68164399999986;99.68276719999977;99.68188879999987;99.67643439999979;8.893612799999971;99.69260559999978;99.67731279999987;99.68211759999987;99.96627759999986;
41.97337733333363;99.68188879999987;99.68164399999986;99.68276719999977;99.68188879999987;99.67643439999979;8.893612799999971;99.69260559999978;99.67731279999987;99.68211759999987;99.96627759999986;
42.000000000000334;99.68188879999987;99.68164399999986;99.68276719999977;99.68188879999987;99.67643439999979;8.893612799999971;99.69260559999978;99.67731279999987;99.68211759999987;99.96627759999986;
42.173377333333626;99.68188879999987;99.68164399999986;99.68276719999977;99.68188879999987;99.67643439999979;8.893612799999971;99.69260559999978;99.67731279999987;99.68211759999987;99.96627759999986;
42.27337733333363;99.68188879999987;99.68164399999986;99.68276719999977;99.68188879999987;99.67643439999979;8.893612799999971;99.69260559999978;99.67731279999987;99.68211759999987;99.96627759999986;
42.37337733333363;99.68188879999987;99.68164399999986;99.68276719999977;99.68188879999987;99.67643439999979;8.893612799999971;99.69260559999978;99.67731279999987;99.68211759999987;99.96627759999986;
42.406666666666965;99.68188879999987;99.68164399999986;99.65946079999976;99.68188879999987;99.67643439999979;8.893612799999971;99.69260559999978;99.65353279999987;99.68211759999987;99.96627759999986;
42.56337733333363;99.65810879999987;99.65786399999986;99.65946079999976;99.65810879999987;99.65218079999978;8.802321599999969;99.66929919999977;99.65353279999987;99.65833759999987;99.96617759999985;
42.66337733333363;99.65810879999987;99.65786399999986;99.65946079999976;99.65810879999987;99.65218079999978;8.802321599999969;99.66929919999977;99.65353279999987;99.65833759999987;99.96617759999985;
42.76337733333363;99.65810879999987;99.65786399999986;99.65946079999976;99.65810879999987;99.65218079999978;8.802321599999969;99.66929919999977;99.65353279999987;99.65833759999987;99.96617759999985;
42.86337733333363;99.65810879999987;99.65786399999986;99.65946079999976;99.65810879999987;99.65218079999978;8.802321599999969;99.66929919999977;99.65353279999987;99.65833759999987;99.96617759999985;
42.96337733333363;99.65810879999987;99.65786399999986;99.65946079999976;99.65810879999987;99.65218079999978;8.802321599999969;99.66929919999977;99.65353279999987;99.65833759999987;99.96617759999985;
43.063377333333634;99.65810879999987;99.65786399999986;99.65946079999976;99.65810879999987;99.65218079999978;8.802321599999969;99.66929919999977;99.65353279999987;99.65833759999987;99.96617759999985;
43.163377333333635;99.65810879999987;99.65786399999986;99.65946079999976;99.65810879999987;99.65218079999978;8.802321599999969;99.66929919999977;99.65353279999987;99.65833759999987;99.96617759999985;
43.263377333333636;99.65810879999987;99.65786399999986;99.65946079999976;99.65810879999987;99.65218079999978;8.802321599999969;99.66929919999977;99.65353279999987;99.65833759999987;99.96617759999985;
43.36337733333364;99.65810879999987;99.65786399999986;99.65946079999976;99.65810879999987;99.65218079999978;8.802321599999969;99.66929919999977;99.65353279999987;99.65833759999987;99.96617759999985;
43.40666666666697;99.65810879999987;99.65786399999986;99.65936079999976;99.65810879999987;99.65218079999978;8.802321599999969;99.66929919999977;99.65343279999986;99.65833759999987;99.96617759999985;
43.57337733333363;99.63432879999986;99.63408399999986;99.63615439999975;99.63432879999986;99.62792719999977;8.711030399999967;99.64599279999976;99.62975279999986;99.63455759999987;99.96607759999985;
43.67337733333363;99.63432879999986;99.63408399999986;99.63615439999975;99.63432879999986;99.62792719999977;8.711030399999967;99.64599279999976;99.62975279999986;99.63455759999987;99.96607759999985;
43.773377333333634;99.63432879999986;99.63408399999986;99.63615439999975;99.63432879999986;99.62792719999977;8.711030399999967;99.64599279999976;99.62975279999986;99.63455759999987;99.96607759999985;
43.873377333333636;99.63432879999986;99.63408399999986;99.63615439999975;99.63432879999986;99.62792719999977;8.711030399999967;99.64599279999976;99.62975279999986;99.63455759999987;99.96607759999985;
43.97337733333364;99.63432879999986;99.63408399999986;99.63615439999975;99.63432879999986;99.62792719999977;8.711030399999967;99.64599279999976;99.62975279999986;99.63455759999987;99.96607759999985;
44.07337733333364;99.63432879999986;99.63408399999986;99.63615439999975;99.63432879999986;99.62792719999977;8.711030399999967;99.64599279999976;99.62975279999986;99.63455759999987;99.96607759999985;
44.17337733333364;99.63432879999986;99.63408399999986;99.63615439999975;99.63432879999986;99.62792719999977;8.711030399999967;99.64599279999976;99.62975279999986;99.63455759999987;99.96607759999985;
44.27337733333364;99.63432879999986;99.63408399999986;99.63615439999975;99.63432879999986;99.62792719999977;8.711030399999967;99.64599279999976;99.62975279999986;99.63455759999987;99.96607759999985;
44.37337733333364;99.63432879999986;99.63408399999986;99.63615439999975;99.63432879999986;99.62792719999977;8.711030399999967;99.64599279999976;99.62975279999986;99.63455759999987;99.96607759999985;
44.41666666666698;99.63432879999986;99.63408399999986;99.63605439999975;99.63432879999986;99.62792719999977;8.711030399999967;99.64599279999976;99.62965279999986;99.63455759999987;99.96607759999985;
44.58337733333364;99.61054879999986;99.61030399999986;99.61284799999974;99.61054879999986;99.60367359999977;8.619739199999964;99.62268639999975;99.60597279999986;99.61077759999986;99.96597759999985;
44.68337733333364;99.61054879999986;99.61030399999986;99.61284799999974;99.61054879999986;99.60367359999977;8.619739199999964;99.62268639999975;99.60597279999986;99.61077759999986;99.96597759999985;
44.78337733333364;99.61054879999986;99.61030399999986;99.61284799999974;99.61054879999986;99.60367359999977;8.619739199999964;99.62268639999975;99.60597279999986;99.61077759999986;99.96597759999985;
44.88337733333364;99.61054879999986;99.61030399999986;99.61284799999974;99.61054879999986;99.60367359999977;8.619739199999964;99.62268639999975;99.60597279999986;99.61077759999986;99.96597759999985;
44.98337733333364;99.61054879999986;99.61030399999986;99.61284799999974;99.61054879999986;99.60367359999977;8.619739199999964;99.62268639999975;99.60597279999986;99.61077759999986;99.96597759999985;
45.083377333333644;99.61054879999986;99.61030399999986;99.61284799999974;99.61054879999986;99.60367359999977;8.619739199999964;99.62268639999975;99.60597279999986;99.61077759999986;99.96597759999985;
45.183377333333645;99.61054879999986;99.61030399999986;99.61284799999974;99.61054879999986;99.60367359999977;8.619739199999964;99.62268639999975;99.60597279999986;99.61077759999986;99.96597759999985;
45.28337733333365;99.61054879999986;99.61030399999986;99.61284799999974;99.61054879999986;99.60367359999977;8.619739199999964;99.62268639999975;99.60597279999986;99.61077759999986;99.96597759999985;
45.38337733333365;99.61054879999986;99.61030399999986;99.61284799999974;99.61054879999986;99.60367359999977;8.619739199999964;99.62268639999975;99.60597279999986;99.61077759999986;99.96597759999985;
45.42666666666698;99.61054879999986;99.61030399999986;99.61274799999974;99.61054879999986;99.60367359999977;8.619739199999964;99.62268639999975;99.60587279999986;99.61077759999986;99.96597759999985;
45.59337733333364;99.58676879999986;99.58652399999986;99.58954159999973;99.58676879999986;99.57941999999976;8.528447999999962;99.59937999999974;99.58219279999986;99.58699759999986;99.96587759999984;
45.69337733333364;99.58676879999986;99.58652399999986;99.58954159999973;99.58676879999986;99.57941999999976;8.528447999999962;99.59937999999974;99.58219279999986;99.58699759999986;99.96587759999984;
45.793377333333645;99.58676879999986;99.58652399999986;99.58954159999973;99.58676879999986;99.57941999999976;8.528447999999962;99.59937999999974;99.58219279999986;99.58699759999986;99.96587759999984;
45.893377333333646;99.58676879999986;99.58652399999986;99.58954159999973;99.58676879999986;99.57941999999976;8.528447999999962;99.59937999999974;99.58219279999986;99.58699759999986;99.96587759999984;
45.99337733333365;99.58676879999986;99.58652399999986;99.58954159999973;99.58676879999986;99.57941999999976;8.528447999999962;99.59937999999974;99.58219279999986;99.58699759999986;99.96587759999984;
46.09337733333365;99.58676879999986;99.58652399999986;99.58954159999973;99.58676879999986;99.57941999999976;8.528447999999962;99.59937999999974;99.58219279999986;99.58699759999986;99.96587759999984;
46.19337733333365;99.58676879999986;99.58652399999986;99.58954159999973;99.58676879999986;99.57941999999976;8.528447999999962;99.59937999999974;99.58219279999986;99.58699759999986;99.96587759999984;
46.29337733333365;99.58676879999986;99.58652399999986;99.58954159999973;99.58676879999986;99.57941999999976;8.528447999999962;99.59937999999974;99.58219279999986;99.58699759999986;99.96587759999984;
46.39337733333365;99.58676879999986;99.58652399999986;99.58954159999973;99.58676879999986;99.57941999999976;8.528447999999962;99.59937999999974;99.58219279999986;99.58699759999986;99.96587759999984;
46.43666666666699;99.58676879999986;99.58652399999986;99.58944159999973;99.58676879999986;99.57941999999976;8.528447999999962;99.59937999999974;99.58209279999986;99.58699759999986;99.96587759999984;
46.503377333333646;99.56298879999986;99.56274399999985;99.56623519999972;99.56298879999986;99.55516639999975;8.43715679999996;99.57607359999973;99.55841279999986;99.56321759999986;99.96577759999984;
46.60337733333365;99.56298879999986;99.56274399999985;99.56623519999972;99.56298879999986;99.55516639999975;8.43715679999996;99.57607359999973;99.55841279999986;99.56321759999986;99.96577759999984;
46.70337733333365;99.56298879999986;99.56274399999985;99.56623519999972;99.56298879999986;99.55516639999975;8.43715679999996;99.57607359999973;99.55841279999986;99.56321759999986;99.96577759999984;
46.80337733333365;99.56298879999986;99.56274399999985;99.56623519999972;99.56298879999986;99.55516639999975;8.43715679999996;99.57607359999973;99.55841279999986;99.56321759999986;99.96577759999984;
46.90337733333365;99.56298879999986;99.56274399999985;99.56623519999972;99.56298879999986;99.55516639999975;8.43715679999996;99.57607359999973;99.55841279999986;99.56321759999986;99.96577759999984;
47.00337733333365;99.56298879999986;99.56274399999985;99.56623519999972;99.56298879999986;99.55516639999975;8.43715679999996;99.57607359999973;99.55841279999986;99.56321759999986;99.96577759999984;
47.103377333333654;99.56298879999986;99.56274399999985;99.56623519999972;99.56298879999986;99.55516639999975;8.43715679999996;99.57607359999973;99.55841279999986;99.56321759999986;99.96577759999984;
47.203377333333655;99.56298879999986;99.56274399999985;99.56623519999972;99.56298879999986;99.55516639999975;8.43715679999996;99.57607359999973;99.55841279999986;99.56321759999986;99.96577759999984;
47.30337733333366;99.56298879999986;99.56274399999985;99.56623519999972;99.56298879999986;99.55516639999975;8.43715679999996;99.57607359999973;99.55841279999986;99.56321759999986;99.96577759999984;
47.40337733333366;99.56298879999986;99.56274399999985;99.56623519999972;99.56298879999986;99.55516639999975;8.43715679999996;99.57607359999973;99.55841279999986;99.56321759999986;99.96577759999984;
47.504466666666985;99.53920879999986;99.53896399999985;99.54292879999971;99.53920879999986;99.53091279999974;8.368745599999958;99.55276719999972;99.53463279999986;99.53943759999986;99.96567759999984;
47.61337733333365;99.53920879999986;99.53896399999985;99.54292879999971;99.53920879999986;99.53091279999974;8.345865599999957;99.55276719999972;99.53463279999986;99.53943759999986;99.96567759999984;
47.71337733333365;99.53920879999986;99.53896399999985;99.54292879999971;99.53920879999986;99.53091279999974;8.345865599999957;99.55276719999972;99.53463279999986;99.53943759999986;99.96567759999984;
47.813377333333655;99.53920879999986;99.53896399999985;99.54292879999971;99.53920879999986;99.53091279999974;8.345865599999957;99.55276719999972;99.53463279999986;99.53943759999986;99.96567759999984;
47.913377333333656;99.53920879999986;99.53896399999985;99.54292879999971;99.53920879999986;99.53091279999974;8.345865599999957;99.55276719999972;99.53463279999986;99.53943759999986;99.96567759999984;
48.01337733333366;99.53920879999986;99.53896399999985;99.54292879999971;99.53920879999986;99.53091279999974;8.345865599999957;99.55276719999972;99.53463279999986;99.53943759999986;99.96567759999984;
48.11337733333366;99.53920879999986;99.53896399999985;99.54292879999971;99.53920879999986;99.53091279999974;8.345865599999957;99.55276719999972;99.53463279999986;99.53943759999986;99.96567759999984;
48.21337733333366;99.53920879999986;99.53896399999985;99.54292879999971;99.53920879999986;99.53091279999974;8.345865599999957;99.55276719999972;99.53463279999986;99.53943759999986;99.96567759999984;
48.31337733333366;99.53920879999986;99.53896399999985;99.54292879999971;99.53920879999986;99.53091279999974;8.345865599999957;99.55276719999972;99.53463279999986;99.53943759999986;99.96567759999984;
48.41337733333366;99.53920879999986;99.53896399999985;99.54292879999971;99.53920879999986;99.53091279999974;8.345865599999957;99.55276719999972;99.53463279999986;99.53943759999986;99.96567759999984;
48.51337733333366;99.53910879999985;99.53886399999985;99.54282879999971;99.53910879999985;99.53081279999974;8.345865599999957;99.55266719999972;99.53453279999985;99.53933759999985;99.96557759999983;
48.61337733333366;99.53910879999985;99.53886399999985;99.54282879999971;99.53910879999985;99.53081279999974;8.345865599999957;99.55266719999972;99.53453279999985;99.53933759999985;99.96557759999983;
48.71337733333366;99.53910879999985;99.53886399999985;99.54282879999971;99.53910879999985;99.53081279999974;8.345865599999957;99.55266719999972;99.53453279999985;99.53933759999985;99.96557759999983;
48.81337733333366;99.53910879999985;99.53886399999985;99.54282879999971;99.53910879999985;99.53081279999974;8.345865599999957;99.55266719999972;99.53453279999985;99.53933759999985;99.96557759999983;
48.91337733333366;99.53910879999985;99.53886399999985;99.54282879999971;99.53910879999985;99.53081279999974;8.345865599999957;99.55266719999972;99.53453279999985;99.53933759999985;99.96557759999983;
49.013377333333665;99.53910879999985;99.53886399999985;99.54282879999971;99.53910879999985;99.53081279999974;8.345865599999957;99.55266719999972;99.53453279999985;99.53933759999985;99.96557759999983;
49.113377333333666;99.53910879999985;99.53886399999985;99.54282879999971;99.53910879999985;99.53081279999974;8.345865599999957;99.55266719999972;99.53453279999985;99.53933759999985;99.96557759999983;
49.21337733333367;99.53910879999985;99.53886399999985;99.54282879999971;99.53910879999985;99.53081279999974;8.345865599999957;99.55266719999972;99.53453279999985;99.53933759999985;99.96557759999983;
49.31337733333367;99.53910879999985;99.53886399999985;99.54282879999971;99.53910879999985;99.53081279999974;8.345865599999957;99.55266719999972;99.53453279999985;99.53933759999985;99.96557759999983;
49.41337733333367;99.53910879999985;99.53886399999985;99.54282879999971;99.53910879999985;99.53081279999974;8.345865599999957;99.55266719999972;99.53453279999985;99.53933759999985;99.96557759999983;
49.513377333333665;99.53900879999985;99.53876399999984;99.54272879999971;99.53900879999985;99.53071279999973;8.345865599999957;99.55256719999971;99.53443279999985;99.53923759999985;99.96547759999983;
49.613377333333666;99.53900879999985;99.53876399999984;99.54272879999971;99.53900879999985;99.53071279999973;8.345865599999957;99.55256719999971;99.53443279999985;99.53923759999985;99.96547759999983;
49.71337733333367;99.53900879999985;99.53876399999984;99.54272879999971;99.53900879999985;99.53071279999973;8.345865599999957;99.55256719999971;99.53443279999985;99.53923759999985;99.96547759999983;
49.81337733333367;99.53900879999985;99.53876399999984;99.54272879999971;99.53900879999985;99.53071279999973;8.345865599999957;99.55256719999971;99.53443279999985;99.53923759999985;99.96547759999983;
49.91337733333367;99.53900879999985;99.53876399999984;99.54272879999971;99.53900879999985;99.53071279999973;8.345865599999957;99.55256719999971;99.53443279999985;99.53923759999985;99.96547759999983;
50.01337733333367;99.53900879999985;99.53876399999984;99.54272879999971;99.53900879999985;99.53071279999973;8.345865599999957;99.55256719999971;99.53443279999985;99.53923759999985;99.96547759999983;
50.11337733333367;99.53900879999985;99.53876399999984;99.54272879999971;99.53900879999985;99.53071279999973;8.345865599999957;99.55256719999971;99.53443279999985;99.53923759999985;99.96547759999983;
